word,tags,ipa,results,match
'ur,Connacht,蓹,蓹删藸,0.5
-fas,,h蓹s藸,f藸as藸,0.67
-finn,,h蓹n虪什,藞f什蓹n虪什,0.67
-igh,Connacht,i藧,藞i藧,1.0
-igh,Ulster; Connacht,j,藞i藧,0.0
-ithe,,"i(藧)蕛t什蓹, i藧",瑟h蓹,0.5
-铆os,,i藧s藸,藞i藧蕣s藸,0.67
-贸fa铆,,o藧hi藧,藞o藧f什i藧,0.67
-贸idh,Connacht,o藧(j),o藧,0.5
-贸inn,,o藧n虪什,藞o藧蓹n虪什,0.67
Airm茅anach,,藞a删什蓹m什e藧n藸蓹x,藞ai删什m什e藧an藸蓹x,0.67
Airm茅in,,藞a删什蓹m什e藧n什,藞ai删什m什e藧n什,0.67
Albain,,"藞al藸蓹b藸蓹n什, 藞al酞藸蓹b藸蓹n什",藞al什b什ain什,0.67
Albain Nua,,藞al藸蓹b藸蓹 藞n酞藸u蓹,藞al什b什ain什 藞n酞藸ua,0.67
Aodh,,"e藧, i藧",藞i藧桑,0.5
Aodhag谩n,Connacht,"藞i藧伞蓱藧n藸, 藞i藧伞蓱藧n酞藸",藞i藧桑a伞蓱藧n藸,0.67
Ard-Fheis,,藞蓱藧删藸d酞藸 藞蓻蓵,藞a删藸df什莽蓻蕛,0.67
Baile 脕tha Cliath,Munster; Connacht,藢b什l什蓱藧 藞cl什i蓹,藞b藸ail什蓻 藞蓱藧ha 藞cl什i蓹,0.58
Baile 脕tha Luain,Munster; Connacht,藢b什l什蓱藧 藞l酞藸u蓹n什,藞b藸ail什蓻 藞蓱藧ha 藞l酞藸蕣ain什,0.54
Bhaile 脕tha Cliath,Munster; Connacht,藢v什l什蓱藧 藞cl什i蓹,藞v什ail什蓻 藞蓱藧ha 藞cl什i蓹,0.58
Ch谩it,Munster; Connacht,x蓱藧t什,藞莽蓱藧t什,0.67
Danmhairge,,藞d酞藸anw蓹删什蓹蔁蓹,藞d酞藸an什v什ai删什蔁蓻,0.67
Dubhghall,,藞d酞藸蕣w蓹l酞藸,藞d酞藸蕣v藸桑al酞藸,0.67
Eibhl铆n,Connacht,藞蓻v什蓹l什i藧n什,藞蓻瑟v什l什i藧n什,0.67
Eochaidh,Connacht,藞蓴xi藧,藞o藧hi藧,0.67
Eoghan,Connacht,o藧n藸,藞o藧桑an藸,0.5
Eoghan,Munster; Connacht,o藧n酞藸,藞o藧桑an藸,0.5
Fionnabhair,,藞f什瑟n酞藸u藧删什,藞f什瑟n酞藸av什ai删什,0.62
Hav谩is,,"ha藞wa藧瑟蕛, 藞hawa藧瑟蕛",藞hav蓱藧蕛,0.67
I煤il,,u藧l什,藞瑟u藧l什,0.67
I煤r,Ulster; Connacht,蓹n虪什藞t什u藧删藸,藞蓴删藸,0.4
Laighin,,l酞藸蓹in什,藞l酞藸aij瑟n什,0.67
Laoghaire,Ulster; Connacht,藞l酞藸i藧删什蓹,藞l酞藸i藧jai删什蓻,0.57
Miche谩l,,藞m什瑟莽a藧l藸,藞m什瑟h蓻蓱藧l藸,0.67
Mumhain,,m藸u藧n什,藞m藸蕣v什ain什,0.5
Mumhan,,m藸u藧n藸,藞m藸蕣v藸an藸,0.6
M茅abh,Connacht,m什e藧w,藞m什e藧av藸,0.5
N谩s,Munster; Connacht,蓹(n酞藸)藞n酞藸蓱藧s藸,藞n酞藸蓱藧s藸,0.6
Ruadh谩n,Connacht,藞删藸u藧蓱藧n藸,藞删藸ua桑蓱藧n藸,0.67
R贸imh,,藞删藸玫藧v什,藞删藸o藧v什,0.67
Sh,,h,,0.0
She谩in,Munster; Connacht,"莽蓱藧n什, 莽蓱虄藧n什",藞莽'蓻蓱藧n什,0.67
Tadhg,Munster; Connacht,t酞藸ai(蓹)伞,藞t酞藸a桑伞,0.6
Th,,h,,0.0
Toirdhealbhach,Connacht,藞t什删什蓻l酞藸ax,藞t酞藸蓻删什jalv藸蓹x,0.67
T铆r Eoghain,Munster; Connacht,t什i藧删什 藞o藧n什,藞t什i藧删什 藞o藧jain什,0.62
Uaimh,,蓹藞n酞藸u蓹v什,藞蕣ai藧,0.6
U铆,,i藧,藞ui藧,0.5
U铆bh,,i藧v什,藞ui藧v什,0.67
abhaile,Connacht,蓹藞wal什蓹,藞av什ail什蓻,0.67
abhaill,,藞蓹uw蓹l虪什,藞av什ail虪什,0.6
achain铆,Connacht,藞ax蓹n什i藧,藞ahain什i藧,0.67
acmhainn,Ulster; Connacht,藞aku藧n虪什,藞acv什a蓹n虪什,0.5
acmhainneach,Connacht,藞aku藧n虪什蓹x,藞acv什ain虪什蓹x,0.62
adhlaic,Connacht,"藞蓱藧l酞藸蓹c, 藞蓹il酞藸蓹c",藞ajl什aic,0.67
adhnaic,Connacht,藞蓹in酞藸蓹c,藞ajn什aic,0.67
aeir,,e藧删什,藞e藧瑟删什,0.67
agaibh,Connacht,"藞a伞i藧, 藞o伞i藧, 藞u伞i藧",藞a蔁忙瑟v什,0.4
agaibh,Aran; Connacht,藞蓱伞i藧,藞a蔁忙瑟v什,0.4
agaibh,Cois-Fharraige; Connacht,藞a藧伞i藧,藞a蔁忙瑟v什,0.4
agaibh,Mayo; Connacht,蓹伞i藧,藞a蔁忙瑟v什,0.4
againne,,藞a伞蓹n虪什蓹,藞a蔁ain虪什蓻,0.67
agair,,藞a伞蓹删什,藞a蔁ai删什,0.6
aghaidh,Aran; Connacht,ai,藞aji藧,0.67
aichear,,藞a莽蓹删藸,藞aiha删藸,0.6
aig茅ad,Connacht,藞a蔁e藧d酞藸,藞ai蔁e藧ad酞藸,0.67
aig茅an,,a蔁e藧n藸,藞ai蔁e藧an藸,0.67
ail,,al什,藞ail什,0.67
ailm,,藞a.l什蓹m什,藞ail什m什,0.5
ain-,,an什,藞ain什,0.67
ainmfhocal,,藞an什蓹m什藢蓴k蓹l酞藸,藞ain什m什f什莽蕣kal藸,0.67
ainmh铆,Connacht,藞an什蓹v什i藧,藞ain什v什i藧,0.6
aip,,ap什,藞aip什,0.67
airc,,a删什c,藞ai删什ic,0.6
airgead,,"藞a删什蓹蔁蓹d酞藸, 藞忙删什蓹蔁蓹d酞藸, 藞蓱删什蓹蔁蓹d酞藸",藞ai删什蔁蓱d酞藸,0.67
airgid,,藞a删什蓹蔁蓹d什,藞ai删什蔁瑟d什,0.67
ais,,a蕛,藞ai蕛,0.67
aischuir,,藞a蕛藢x瑟r什,藞ai蕛h瑟删什,0.67
ait,Ulster; Munster; Connacht,at什,藞ait什,0.67
amha,,藞aw蓹,藞av藸a,0.67
anglais,,"藞a艐伞l藸蓹蕛, 藞a艐伞l酞藸蓹蕛",藞a艐l什ai蕛,0.67
anmain,,藞an藸蓹m藸蓹n什,藞an什m什ain什,0.67
ar chor ar bith,,蓹 藢x蓴删藸 蓹藞b什瑟(h),蓻删什 藞x蓴删藸 蓻删什 藞b什瑟莽,0.67
arbhar,Ulster; Connacht,藞a删藸(蓹)w蓹删藸,藞arv藸a删藸,0.67
armais,,藞a删藸(蓹)m藸蓹蕛,藞a删什m什ai蕛,0.67
ascaill,,"藞as藸k蓹l虪什, 藞as藸k蓹l酞藸, 藞忙s藸k蓹l虪什, 藞蓱s藸k蓹l什, 藞蓱s藸k蓹l虪什",藞a蕛cail虪什,0.67
ath-,,ah,藞a,0.5
beirbhiughadh,Connacht,藞b什蓻删什u藧,藞b什蓻删什v什瑟蕣桑蓹,0.5
bhFrainc,,v藸删藸a刹c,藞w删什ain什c,0.67
bhain,,"wan什, w瑟n什",藞v什ain什,0.5
bhainc,Ulster; Connacht,wa刹c,藞v什ain什c,0.6
bhainne,Ulster; Connacht,藞wan虪什蓹,藞v什ain虪什蓻,0.6
bhaint,,"藞wan虪什t什, 藞w瑟n虪什t什",藞v什ain什t什,0.6
bhair茅ad,Connacht,藞wa删什e藧d酞藸,藞v什ai删什e藧ad酞藸,0.57
bhaist,Ulster; Connacht,wa蕛t什,藞v什ai蕛t什,0.6
bhan,Ulster; Connacht,"wan藸, wan酞藸",藞v藸an藸,0.67
bharr,Connacht,w藸蓱藧删藸,藞v藸a删藸,0.67
bheidh,Ulster; Connacht,v什蓻j,藞v什ai,0.67
bheife谩,,藞v什蓻h蓱藧,藞v什蓻f什蓻蓱藧,0.6
bheith,,v什蓻(h),藞v什蓻莽,0.67
bhfeadh,Connacht,v什a,藞w蓹,0.5
bhfear,,v什a删藸,藞w蓱藧删藸,0.67
bhfearthainn,Ulster; Kerry; Cork; Connacht,藞v什a删藸h蓹n虪什,藞w忙删什莽忙蓹n虪什,0.67
bhfeicfinn,Ulster; Connacht,藞v什蓻c瑟n虪什,藞w蓻cf什蓹n虪什,0.67
bhfeighil,,v什蓹il什,藞w蓻j瑟l什,0.6
bhfeirm,,藞v什蓻删什蓹m什,藞w蓹i删什m什,0.4
bhfeis,,v什蓻蕛,藞w蓻蕛,0.67
bhfeoil,Munster; Connacht,v什o藧l什,藞wo藧l什,0.67
bhfiartha铆,,藞v什i蓹删藸hi藧,藞wi蓹删什莽i藧,0.67
bhfiche,Ulster; Connacht,藞v什瑟莽蓹,藞w瑟h蓻,0.5
bhfichid铆,Connacht,藞v什瑟莽瑟d什i藧,藞w瑟h瑟d什i藧,0.67
bhfir,,v什瑟删什,藞w蓹i删什,0.5
bhfr茅imh,,v什r什e藧v什,藞w删什e藧i藧,0.5
bhfuil,,b藸il什,藞wi藧l什,0.67
bhfuil,Ulster; Connacht,w瑟l什,藞wi藧l什,1.0
bhf茅ar,Ulster; Connacht,v什e藧删藸,藞we藧a删藸,0.5
bhf铆s,,v什i藧蕛,藞wi藧蕛,0.67
bhlais,Connacht,"wl藸a蕛, wl酞藸a蕛",藞v什l什ai蕛,0.6
bhl谩th,Connacht,"wl藸蓱藧, wl酞藸蓱藧",藞v藸l藸蓱藧,0.67
bhod,Ulster; Connacht,w蓴d酞藸,藞v藸蕣d酞藸,0.67
bhog,Connacht,w蓴伞,藞v藸蕣伞,0.67
bhoid,Ulster; Connacht,w瑟d什,藞v什蓻d什,0.67
bhuail,Ulster; Connacht,wu蓹l什,藞v藸蕣ail什,0.6
bhuel,Ulster; Munster; Connacht,w蓻l什,藞v藸蕣蓻l什,0.5
bhun,Connacht,w蕣n藸,藞v藸蕣n藸,0.67
bhur,Connacht,蓹,藞v藸蕣删藸,0.33
bhu铆,Ulster; Connacht,wi藧,藞v藸ui藧,0.33
bhu铆och,Ulster; Connacht,wi藧x,藞v藸ui藧蕣x,0.4
bh谩d,Connacht,w蓱藧d酞藸,藞v藸蓱藧d酞藸,0.67
bh谩is,Connacht,w蓱藧蕛,藞v什蓱藧蕛,0.67
bh谩n,Ulster; Connacht,"wa藧n藸, w蓱藧n藸",藞v藸蓱藧n藸,0.67
bh铆obhair,,藞v什i藧w蓹删什,藞v什i藧蕣v什ai删什,0.57
bh贸,Connacht,wo藧,藞v藸o藧,0.5
bl谩thach,Connacht,"藞b藸l藸蓱藧x, 藞b藸l酞藸蓱藧x",藞b藸l藸蓱藧h蓹x,0.67
both,,b藸蓴(h),藞b藸蕣,0.67
bpingin,Ulster; Connacht,b什i藧n虪什,藞b什瑟艐瑟n什,0.6
bru铆on,,b藸删藸i藧n藸,藞b藸删藸ui藧蕣n藸,0.67
bu铆,Munster; Connacht,b藸i藧,藞b藸ui藧,0.67
bu铆och,Ulster; Connacht,b藸i藧x,藞b藸ui藧蕣x,0.6
bu铆ocha,,藞b藸i藧x蓹,藞b藸ui藧蕣xa,0.67
bu铆on,,b藸i藧n藸,藞b藸ui藧蕣n藸,0.6
bu铆onna,,藞b藸i藧n酞藸蓹,藞b藸ui藧蕣n酞藸a,0.67
b铆chearb,,藞b什i藧莽蓹删藸蓹b藸,藞b什i藧ha删藸b藸,0.67
cailc,,kal什c,藞kail什ic,0.67
caisearbh谩n,Connacht,藞ka蕛蓹删藸wa藧n酞藸,藞kai蕛忙rv藸蓱藧n藸,0.78
caisearbh谩n,Mayo; Connacht,藞ka蕛l虪什蓹wa藧n藸,藞kai蕛忙rv藸蓱藧n藸,0.67
caith,Connacht,ka,藞kai莽,0.67
caithfidh,Connacht,ka藧,藞k瑟莽i藧,0.67
caithfidh,Aran; Connacht,藞kaf什蓹,藞k瑟莽i藧,0.75
caithfidh,Cois-Fharraige; Connacht,ka,藞k瑟莽i藧,0.67
caithfidh,Mayo; Connacht,藞k蓱ih蓹,藞k瑟莽i藧,0.6
carbhat,Connacht,k蓱删藸蓹藞w蓱t酞藸蓹,藞karv藸at酞藸,0.62
cath,,"ka(h), k蓱(h), 藞kah蓹, 藞k忙h蓹, 藞k蓱h蓹",藞ka,0.67
ceathair d茅ag,,"dje 藞cah蓹删什, 藞cah蓹删什 je藧伞",藞c蓱莽ai删什 藞d什e藧a伞,0.67
cha,,ha(藧),藞xa,0.5
chaill,Connacht,"xal虪什, x蓱藧l虪什",藞莽ail虪什,0.67
chais,,xa蕛,藞莽ai蕛,0.67
chaith,Connacht,xa,藞莽ai莽,0.5
chaoi,,xi藧,藞莽i藧,0.5
chaoil,,xi藧l什,藞莽i藧l什,0.67
chath,,xah,藞xa,0.67
chiumhais,,莽u藧蕛,藞莽瑟蕣v什ai蕛,0.33
chi煤in,,莽u藧n什,藞莽uin什,0.67
chn谩imh,Ulster; Connacht,x删藸蓱藧v什,藞莽n什蓱藧i藧,0.25
choil,,x蓻l什,藞莽i藧l什,0.67
choir,,x蓻删什,藞莽蓹i删什,0.67
chomhair,Munster; Connacht,xo藧删什,藞x蕣v什ai删什,0.5
chonaic,Aran; Connacht,藞x蔀n酞藸ic,藞x蓻n什aic,0.83
chonaic,Cois-Fharraige; Connacht,藞xa藧n什ic ~ 藞ha藧n什ic ~ 藞xin什ic ~ 藞xa藧刹c,藞x蓻n什aic,0.83
chonaic,Mayo; Connacht,藞han什ic,藞x蓻n什aic,0.67
chro铆,,x删藸i藧,藞莽删什oi藧,0.33
chugham,,xu藧m藸,藞x蕣桑am藸,0.6
ch谩ili煤il,Connacht,藞x蓱藧l什u藧l什,藞莽蓱藧l什瑟u藧l什,0.6
ch谩in,Munster; Connacht,x蓱藧n什,藞莽蓱藧n什,0.67
ch茅ad,,莽e藧d酞藸,藞莽e藧ad酞藸,0.67
ch茅ibh,,藞莽e藧v什,藞莽e藧瑟v什,0.67
ch贸ir,Munster; Connacht,xo藧删什,藞莽o藧删什,0.67
ciumhais,,"cu藧s藸, cu藧蕛, c农藧s藸",藞c瑟蕣v什ai蕛,0.43
ciumhaise,,藞cu藧蕛蓹,藞c瑟蕣v什ai蕛蓻,0.5
ciumhaiseanna,,藞cu藧蕛蓹n酞藸蓹,藞c瑟蕣v什ai蕛忙n酞藸a,0.6
cnuimhe,,藞kn藸ev什蓹,藞k删藸蕣瑟v什蓻,0.67
cn贸 Brasa铆leach,,kno:,藞k删藸o藧 藞b藸删藸a蕛蓱藧l什蓹x,0.18
cogain,Munster; Connacht,藞k蓴伞蓹n什,藞k蓻蔁ain什,0.67
coisreacaim,,藞k蕦蕛t什删什ak蓹m什,藞k蓻蕛删什蓱caim什,0.67
colbha,Connacht,藞k蓴l藸蓹v藸,藞k蕣lv藸a,0.6
comhair,Connacht,ku藧删什,藞k蕣v什ai删什,0.5
comhairle,Connacht,藞ku藧删什l什蓹,藞k蕣v什ai删什l什蓻,0.62
comhartha,Connacht,藞koh蓹删藸蓹,藞k蕣v藸a删藸ha,0.71
comhartha,Galway; Connacht,藞ku藧删藸蓹,藞k蕣v藸a删藸ha,0.57
comhartha,Mayo; Connacht,藞k玫h蓹删藸u藧,藞k蕣v藸a删藸ha,0.57
cuairt,Ulster; Connacht,ku藧删藸t什,藞k蕣ai删什t什,0.67
cuairt,Munster; Connacht,ku蓹删藸t什,藞k蕣ai删什t什,0.83
c铆obha铆,Ulster; Connacht,藞ci藧wi藧,藞ci藧蕣v什i藧,0.6
d'fhreagair,,藞d什删什a伞蓹删什,藞t什f什莽删什蓱蔁ai删什,0.62
d'fhuaigh,Connacht,d酞藸u蓹,藞d什f藸hui藧,0.6
d'fhuait铆,,藞d酞藸u蓹t什i藧,藞d什f藸h蕣ait什i藧,0.62
d'fhulaing,,"藞d酞藸蕣l藸蓹n虪什, 藞d酞藸蕣l酞藸蓹n虪什",藞d什f藸h蓻l什ai艐,0.62
d'fh谩gfa铆,,藞d酞藸蓱藧kf藸i藧,藞d什f藸h蓱藧蔁f什i藧,0.57
d'fh谩s,Munster; Connacht,d藸蓱藧s藸,藞d什f藸h蓱藧s藸,0.6
d'fh贸gair,Munster; Connacht,藞d酞藸o藧伞蓹删什,藞d什f藸ho藧蔁ai删什,0.5
d'ith,,d什瑟(h),藞d什瑟莽,0.67
daichead,Ulster; Connacht,藞d酞藸a.莽蓹d酞藸,藞d酞藸aihad酞藸,0.67
dath,Ulster; Connacht,d酞藸ah,藞d酞藸a,0.67
dearbh煤,Ulster; Connacht,藞d什a删藸蓹wu藧,藞d什忙rv藸u藧,0.67
de谩-,Connacht,d什蓱藧,藞d什蓻蓱藧,0.67
dhath,,桑a(h),藞桑a,0.67
dheacair,,藞jak蓹删什,藞jacai删什,0.67
dhe谩-,Connacht,j蓱藧,藞j蓻蓱藧,0.67
dh铆obh谩il,Connacht,藞ji藧w蓱藧l什,藞ji藧蕣v什蓱藧l什,0.67
do,,"d酞藸蓴, d酞藸蓹",d酞藸蕣,1.0
do,Connacht,伞蓹,d酞藸蕣,0.5
dtiocfainn,,d什蕣k蓹n虪什,藞d什瑟cf什忙蓹n虪什,0.57
dt铆,,d什i藧,藞d什t什i藧,0.67
d谩imh,Munster; Connacht,d酞藸蓱藧v什,藞d酞藸蓱藧i藧,0.67
d茅anamh,,"藞d什a(藧)n藸u藧, 藞d什ia摊n酞藸蓹, 藞d什i藧n藸u藧",藞d什e藧an藸av藸,0.67
d茅arfainn,,藞d什e藧删藸(h)蓹n虪什,藞d什e藧a删什f什忙蓹n虪什,0.62
d茅arf谩,,藞d什e藧删藸(h)蓱藧,藞d什e藧a删藸f藸蓱藧,0.67
d铆chiall,Connacht,"藞d什i藧藢ce藧l虪什蓹, 藞d什i藧藢莽e藧l虪什蓹",藞d什i藧hi蓹l酞藸,0.5
d铆ograis,,藞d什i藧伞删藸蓹蕛,藞d什i藧蓻蔁删什ai蕛,0.62
d铆omhaoin,Connacht,藞d什i藧wi藧n什,藞d什i藧蕣v什i藧n什,0.67
d煤iche,,藞d酞藸u藧莽蓹,藞d酞藸u藧瑟h蓻,0.6
d煤igh,Ulster; Connacht,d酞藸u藧j,藞d酞藸u藧i藧,0.67
eitle谩in,Connacht,藞蓻t什(蓹)l什蓱藧n什,藞蓻t什l什蓻蓱藧n什,0.67
eitle谩n,Connacht,藞蓻t什(蓹)l什蓱藧n藸,藞蓻t什l什蓻蓱藧n藸,0.67
eochair,,藞蓴x蓹删什,藞o藧hai删什,0.6
ex,,蓻ks藸,藞蓻x,0.67
facais,,藞f藸ak蓹蕛,藞f藸acai蕛,0.67
faigh,,f藸蓹i,藞f藸i藧,0.67
faigheann,Connacht,f藸蓱藧n酞藸,藞f藸aij蓹n酞藸,0.5
faighfe谩,,藞f藸ai蓱藧,藞f藸aijf什蓻蓱藧,0.57
faighte谩,,藞f藸蓱t什蓱藧,藞f藸aijt什蓻蓱藧,0.57
fathach,Connacht,"藞f藸ah蓹x, 藞f藸a藧x",藞f藸ah蓹x,1.0
fathach,Cois-Fharraige; Connacht,藞f藸ax,藞f藸ah蓹x,0.6
feadha,Munster; Connacht,f什蓱藧,藞f什蓱桑a,0.5
feirm,,藞f什蓻删什蓹m什,藞f什蓹i删什m什,0.6
feith,,f什蓻h,藞f什蓻莽,0.67
feoigh,Ulster; Connacht,f什蓴藧j,藞f什o藧i藧,0.67
fe谩,Connacht,f什蓱藧,藞f什蓻蓱藧,0.67
fheadha,Munster; Connacht,蓱藧,藞a桑a,0.33
fhiacail,,藞i蓹k蓹l什,藞i蓹cail什,0.67
fhiche,Ulster; Connacht,藞瑟莽蓹,藞瑟h蓻,0.67
fhir,,瑟删什,蓹i删什,0.67
fhlaith,,"l藸a, l藸ah",藞l什ai莽,0.67
fhraoigh,Ulster; Connacht,删藸i藧,藞删什i藧i藧,0.67
fhreagair,,藞删什a伞蓹删什,藞删什蓱蔁ai删什,0.67
fhr茅imh,,r什e藧v什,藞删什e藧i藧,0.67
fh茅adaim,Munster; Connacht,藞e藧d酞藸蓹m什,藞e藧ad什aim什,0.67
fh茅ar,,e藧删藸,藞e藧a删藸,0.67
fh茅in,,he藧n什,藞e藧n什,0.67
ficheall,Connacht,f什i藧l酞藸,藞f什瑟hal酞藸,0.6
ficheall,Munster; Connacht,藞f什瑟h蓹l酞藸,藞f什瑟hal酞藸,1.0
fiodh,,f什瑟,藞f什瑟桑,0.67
focail,Munster; Connacht,藞f藸蓴k蓹l什,藞f藸蓻cail什,0.67
folmha,,藞f藸蓴l酞藸蓹w蓹,藞f藸蕣lv藸a,0.67
f谩gaim,Munster; Connacht,藞f藸蓱藧伞蓹m什,藞f藸蓱藧蔁aim什,0.67
f谩idh,Connacht,f藸蓱藧j,藞f藸蓱藧i藧,0.67
f茅achaint,Ulster; Connacht,藞f什e藧x瑟n虪什t什,藞f什e藧ahain什t什,0.62
f茅ith,,f什e藧(h),藞f什e藧莽,0.67
f铆ormhaith,,藞f什i藧删什藢w茫i莽,藞f什i藧蓻删什v什ai莽,0.57
f贸gair,Munster; Connacht,藞f藸o藧伞蓹删什,藞f藸o藧蔁ai删什,0.67
gach uile,Cois-Fharraige; Aran; Mayo; Connacht,藞xil什蓹,藞伞蓹x 藞瑟l什蓻,0.67
gach uile,Aran; uncommon; Connacht,藞x莎l什蓹(corresponding to the form,藞伞蓹x 藞瑟l什蓻,0.2
gairge,,藞伞a删什瑟蔁蓹,藞伞ai删什蔁蓻,0.67
gairme,,藞伞a删什蓹m什蓹,藞伞ai删什m什蓻,0.67
gamhain,,藞伞茫u蓹n什,藞伞av什ain什,0.67
gaoith,,伞i藧h,藞伞i藧莽,0.67
gha,,桑a(h),藞桑a,0.67
ghaibh,,桑av什,藞ja瑟v什,0.5
ghair,,桑a删什,藞j蓱藧删什,0.67
ghairid,,藞桑a删什蓹d什,藞jai删什瑟d什,0.67
ghais,,桑a蕛,藞jai蕛,0.5
ghaisc铆och,Connacht,藞桑a蕛ci藧x,藞jai蕛ci藧蕣x,0.62
ghaisc铆ocha,Connacht,藞桑a蕛ci藧x蓹,藞jai蕛ci藧蕣xa,0.67
ghlais,,桑l藸a蕛,藞jl什ai蕛,0.6
ghn铆omh,Connacht,"j删什i藧v藸, 蕽删什i藧蓹摊v藸",藞jn什i藧o藧,0.5
ghn铆omha铆ocht,Connacht,藞桑删藸i藧wi蓹xt酞藸,藞jn什i藧蕣v藸蓱藧蕣xt酞藸,0.56
ghn贸,Connacht,"桑删藸o藧, 桑删藸u藧",藞桑n藸o藧,0.67
ghoib,,桑瑟b什,藞j蓻b什,0.67
ghoid,Connacht,桑蔀d什,藞j蓻d什,0.67
ghoir,Connacht,藞桑蓻删什,藞j蓹i删什,0.5
ghuigh,,桑i藧,藞桑ui藧,0.67
ghu铆,,桑i藧,藞桑ui藧,0.67
glacfaidh,,藞伞l藸ak蓹,藞伞l藸acf什i藧,0.67
gn铆omh,Connacht,蔁删什i藧v藸,藞蔁删什i藧o藧,0.75
gn铆omh,Ulster; Connacht,蔁删什末藧w,藞蔁删什i藧o藧,0.5
gn铆omha铆,,藞伞n什i藧wi藧,藞蔁删什i藧蕣v什i藧,0.33
go raibh maith agaibh,,"伞蓹r蓹m藸蓹藞ha伞蓹v什, 伞蓹r蓹藞m藸ah蓹伞蓹v什",伞蕣 藞删藸a瑟v什 藞m藸ai莽 藞a蔁忙瑟v什,0.64
gr铆os,,伞删什瑟s藸,藞蔁删什i藧蕣s藸,0.6
gu铆,,伞i藧,藞伞ui藧,0.67
gu铆onna,,藞伞i藧n酞藸蓹,藞伞ui藧蕣n酞藸a,0.67
g茅agleabhair,,藞蔁e藧伞l虪什蓹u删什,藞蔁e藧a蔁l什蓹uai删什,0.6
h,,h,藞,0.0
heach,,hax,藞莽蓹x,0.67
heich,,h蓻莽,藞莽蓻,0.5
h脥,,hi藧,藞莽i藧,0.5
h茅,,he藧,藞莽e藧,0.5
h茅ag,Ulster; Connacht,he藧伞,藞莽e藧a伞,0.67
h茅in,,he藧n什,藞莽e藧n什,0.67
h茅is,,he藧蕛,藞莽e藧蕛,0.67
i bhfeighil,,蓹藞v什蓹il什,瑟 藞w蓻j瑟l什,0.67
imithe,Connacht,"藞im什i, 藞im什瑟莽蓹",藞瑟m什瑟h蓹,0.8
imithe,Cois-Fharraige; Aran; Connacht,藞im什i藧,藞瑟m什瑟h蓹,0.6
imithe,Mayo; Connacht,蓹藞m什i莽蓹,藞瑟m什瑟h蓹,0.8
ith,,i(h),藞瑟莽,0.5
j茅,,d汀蕭e藧,藞je藧,0.5
labhair,Munster; Connacht,"l酞藸au删什, l酞藸蓹u删什",藞l酞藸av什ai删什,0.67
lachain,,藞l酞藸ax蓹n什,藞l酞藸ahain什,0.67
le haghaidh,,l什蓻藞hi藧,l什蓻 藞haji藧,0.67
le haghaidh,Connacht,l什蓹藞h蓹i摊,l什蓻 藞haji藧,0.83
le haghaidh,Cois-Fharraige; Connacht,l什蓹i摊,l什蓻 藞haji藧,0.5
leabhair,Connacht,l虪什蓹u删什,藞l什蓹uai删什,0.67
leagaim,,藞l虪什a伞蓹m什,藞l什蓱蔁aim什,0.67
leath,,l什忙x,藞l什蓱,0.67
leath,Connacht,l虪什ah,藞l什蓱,0.67
leith,Munster; Connacht,l虪什蓻h,藞l什蓻莽,0.67
leomh,Ulster; Connacht,l虪什ow,藞l什蓻o藧,0.67
le谩,Connacht,l虪什蓱藧,藞l什蓻蓱藧,0.67
lonnaithe,Connacht,藞l酞藸蓴n酞藸i藧,藞l酞藸蕣n酞藸a瑟h蓹,0.57
luaidhe,,藞l酞藸u藧.i藧,藞l酞藸蕣ai藧蓻,0.6
luaidhim,,l酞藸u蓹m什,藞l酞藸蕣aij瑟m什,0.57
l谩imh,,"l酞藸蓱藧v什, l酞藸蓱虄藧v什",藞l酞藸蓱藧i藧,0.67
l煤th,,l酞藸u藧(h),藞l酞藸u藧,0.67
mairbh,Ulster; Connacht,藞m藸a删什蓹v什,藞m藸ai删什v什,0.6
mairc,,m藸a删什c,藞m藸ai删什ic,0.67
mbeidh,Ulster; Connacht,m什蓻j,藞m什ai,0.67
meabhair,Munster; Connacht,m什au删什,藞m什蓹uai删什,0.67
meacain,,藞m什ak蓹n什,藞m什蓱cain什,0.67
meaingeal,,藞m忙刹蔁蓹l,藞m什ai艐al藸,0.67
meath,,m什a(h),藞m什蓱,0.67
me谩,,"忙(h), 蓱藧",藞m什蓻蓱藧,0.33
me谩,Connacht,m什蓱藧,藞m什蓻蓱藧,0.67
me谩,Munster; Connacht,m什忙h,藞m什蓻蓱藧,0.67
mhac,Ulster; Connacht,wak,藞v藸ak,0.67
mhaidin,Connacht,藞wad什蓹n什,藞v什aid什瑟n什,0.67
mhaige,Ulster; Connacht,藞w忙蔁瑟,藞v什ai蔁蓻,0.6
mhair,Ulster; Connacht,wa删什,藞v什ai删什,0.5
mhairbh,Ulster; Connacht,藞war什蓹v什,藞v什ai删什v什,0.4
mhaith,Connacht,"wa, wah",藞v什ai莽,0.33
mhaithe,Ulster; Connacht,藞wah蓹,藞v什a瑟h蓹,0.6
mhaithe,dated; Ulster; Connacht,藞w茫h蓹,藞v什a瑟h蓹,0.4
mhall,Connacht,w蓱藧l酞藸,藞v藸al酞藸,0.67
mhall,Ulster; Connacht,wal酞藸,藞v藸al酞藸,0.67
mhaoil,Ulster; Connacht,wi藧l什,藞v什i藧l什,0.67
mhaoin,Ulster; Connacht,wi藧n什,藞v什i藧n什,0.67
mhaol,Ulster; Connacht,wi藧l藸,藞v藸i藧l藸,0.67
mharbh,Connacht,藞war藸u藧,藞v藸arv藸,0.5
mheabhair,Connacht,v什蓹u删什,藞v什蓹uai删什,0.67
mhn谩,Connacht,v藸删藸蓱藧,藞v藸n藸蓱藧,0.67
mhol,Connacht,w蓴l藸,藞v藸蕣l藸,0.67
mholainn,Ulster; Connacht,藞w蓴l藸蓹n虪什,藞v藸蓻l什忙蓹n虪什,0.67
mhuir,Ulster; Connacht,w瑟删什,藞v藸瑟删什,0.67
mh谩,Connacht,w蓱藧,藞v藸蓱藧,0.5
mh谩thair,Connacht,藞w蓱藧h蓹删什,藞v藸蓱藧莽ai删什,0.6
mh贸ir,Connacht,wo藧删什,藞v什o藧删什,0.67
mh贸r,Ulster; Connacht,wo藧删藸,藞v藸o藧删藸,0.67
mh煤n,Ulster; Connacht,"wu藧n藸, wu藧n酞藸",藞v藸u藧n藸,0.67
morgtha,,藞m藸蓴删藸蓹k蓹,藞m藸蕣删藸伞ha,0.67
m谩thair,Connacht,藞m藸茫藧h蓹删什,藞m藸蓱藧莽ai删什,0.6
m谩thair,Cois-Fharraige; Connacht,藞m藸蓱藧删什,藞m藸蓱藧莽ai删什,0.6
m谩thair,Munster; Connacht,藞m藸蓱藧h蓹删什,藞m藸蓱藧莽ai删什,0.8
m煤chaim,Munster; Connacht,藞m藸u藧x蓹m什,藞m藸u藧haim什,0.67
na铆onda,,藞n酞藸i藧n酞藸d酞藸蓹,藞n酞藸蓱藧蕣n藸a,0.6
nbhur,Connacht,n藸蓹,藞n酞藸v藸蕣删藸,0.5
ngaoith,,艐i藧h,藞艐i藧莽,0.67
nglacfaidh,,藞艐l藸ak蓹,藞艐l藸acf什i藧,0.67
ngu铆,,艐i藧,藞艐ui藧,0.67
ngu铆onna,,藞艐i藧n酞藸蓹,藞艐ui藧蕣n酞藸a,0.67
nigh,,n什瑟蔁,藞n什i藧,0.67
nigh,indicative; Ulster; past; analytic; Connacht,n什i藧,藞n什i藧,1.0
nigh,Ulster; imperative; Connacht,n虪什i藧,藞n什i藧,1.0
nighe,Munster; Connacht,n虪什i藧,藞n什瑟j蓻,0.5
nimh,Connacht,n虪什瑟v什,藞n什i藧,0.67
nua,Ulster; Connacht,n酞藸u藧,藞n酞藸ua,0.67
oilfidh,,"藞蓻l什(h)瑟蔁, 藞瑟l什(h)瑟蔁",藞蓻l什i藧,0.6
oilfidh,Ulster; Connacht,"藞蓻l什(h)蓹, 藞瑟l什(h)蓹",藞蓻l什i藧,0.75
os comhair,Connacht,蓹s藸藞ku藧删什,蕣s藸 藞k蕣v什ai删什,0.62
oscail,,藞蓴s藸k蓹l什,藞蓻蕛cail什,0.67
phingin,Ulster; Connacht,f什i藧n虪什,藞f什'瑟艐瑟n什,0.6
pingin,Ulster; Connacht,p什i藧n虪什,藞p什瑟艐瑟n什,0.6
pingine,Ulster; Connacht,p什i藧n虪什蓹,藞p什瑟艐瑟n什蓻,0.67
pingin铆,Ulster; Connacht,藞p什i藧n虪什i藧,藞p什瑟艐瑟n什i藧,0.67
pleidhc,,藞pl蓹ik,藞p什l什蓻jc,0.6
pl煤chfaidh,,"藞p藸l藸u藧x蓹, 藞p藸l酞藸u藧x蓹",藞p藸l藸u藧hf什i藧,0.67
p贸gfaidh,Munster; Connacht,藞p藸o藧k蓹,藞p藸o藧蔁f什i藧,0.6
rabhais,,"删藸au蕛, 删藸a莎i摊蕛",藞删藸av什ai蕛,0.67
ramhair,,删藸蓹ur什,藞删藸av什ai删什,0.67
reath,,删藸a(h),藞删什蓱,0.67
righin,,删藸i藧n什,藞删什瑟j瑟n什,0.6
righin,Connacht,"删藸ain什, 删藸蓹in什",藞删什瑟j瑟n什,0.8
roimh,,删藸瑟v什,藞删藸oi藧,0.67
roth,,删藸蓴(h),藞删藸蕣,0.67
rugais,,藞删藸蕣伞蓹蕛,藞删藸蓻蔁ai蕛,0.67
r铆omhleabhar,Connacht,藞删什i藧w藢l什蓹u删藸,藞删什i藧蕣v什l什蓹ua删藸,0.67
saighead,,s藸蓹id酞藸,藞s藸aijad酞藸,0.67
scairt,,s藸ka删藸t什,藞蕛cai删什t什,0.67
scairt ascaille,,藞s藸ka删藸t什 藞as藸k蓹l虪什蓹,藞蕛cai删什t什 藞a蕛cail虪什蓻,0.69
scait铆,Connacht,藞s藸kat什i藧,藞蕛cait什i藧,0.67
seachain,,藞蕛ax蓹n什,藞蕛忙hain什,0.67
seobh,,蕛蓴w,藞蕛蓻o藧,0.67
se贸,,蕛o藧,藞蕛蓻o藧,0.67
sh,,h,,0.0
sheaic茅ad,Connacht,藞hace藧d酞藸,藞莽'aice藧ad酞藸,0.67
sheal,,"藞hal藸, 藞hal酞藸",藞莽'al藸,0.67
shean,,han藸,藞莽'an藸,0.67
shil,Munster; Connacht,h瑟l什,藞莽'瑟l什,0.67
shir,,h瑟删什,藞莽'瑟删什,0.67
shi煤il,,莽u藧l什,藞莽'瑟u藧l什,0.67
shleamhain,Ulster; Connacht,藞(h)l什茫uw蓹n什,藞莽l什忙v什ain什,0.5
shleamhna,,"藞(h)l什茫un藸蓹, 藞(h)l什茫un酞藸蓹",藞莽l什忙v藸n藸a,0.6
shl铆,Ulster; Connacht,藞(h)l虪什i藧,藞莽l什i藧,0.67
shn铆omh,Ulster; Connacht,(h)n什i藧w,藞莽n什i藧o藧,0.5
shuigh,Ulster; Connacht,hi藧,藞hui藧,0.67
shu铆,,hi藧,藞hui藧,0.67
sh茅,,he藧,藞莽'e藧,0.5
sh茅an,,he藧n藸,藞莽'e藧an藸,0.67
sh茅id,,he藧d什,藞莽'e藧d什,0.67
sh铆l,,hi藧l什,藞莽'i藧l什,0.67
sh铆n,,hi藧n什,藞莽'i藧n什,0.67
sh铆olmhar,Ulster; Connacht,"藞hi藧l藸w蓹删藸, 藞hi藧l酞藸w蓹删藸",藞莽'i藧蕣lv藸a删藸,0.67
smig,,藞s藸m什瑟蔁蓹d酞藸,藞蕛m什瑟蔁,0.67
smig,Ulster; Connacht,s藸m什i蔁,藞蕛m什瑟蔁,1.0
sn谩tha,Connacht,s藸n酞藸蓱藧,藞s藸n藸蓱藧ha,0.6
socair,,藞s藸蓴k蓹删什,藞s藸蓻cai删什,0.67
sothuigthe,,藞s藸蓴藢h瑟c瑟,藞s藸蕣h瑟瑟ct什莽瑟莽蓻,0.67
sti煤ideo,,藞蕛t什u藧d什io藧,藞蕛t什uid什o藧,0.67
suaimhneach,Connacht,藞s藸i藧m什删什蓹x,藞s藸蕣aiv什n什蓹x,0.5
suaimhneas,Connacht,藞s藸i藧m什n什蓹s藸,藞s藸蕣aiv什n什蓱s藸,0.62
suigh,Ulster; Connacht,s藸i藧,藞s藸ui藧,0.67
su铆,,s藸i藧,藞s藸ui藧,0.67
s谩bh,Connacht,s藸蓱藧w,藞s藸蓱藧v藸,0.67
s谩ith,Munster; Connacht,s藸蓱藧(h),藞s藸蓱藧莽,0.67
s茅imh,,蕛e藧v什,藞蕛e藧i藧,0.67
tS,,"t什, t酞藸",藞t酞藸s藸,0.5
tabhair,Ulster; Connacht,藞t酞藸o藧删什,藞t酞藸av什ai删什,0.5
tacair,,"藞t酞藸ak蓹删什, 藞t酞藸蓱k蓹删什",藞t酞藸acai删什,0.67
tagaim,,藞t酞藸a伞蓹m什,藞t酞藸a蔁aim什,0.67
tagair,,"藞t酞藸a伞蓹删什, 藞t酞藸蓱伞蓹删什",藞t酞藸a蔁ai删什,0.67
tairbh,,藞t酞藸蓱删什蓹v什,藞t酞藸ai删什v什,0.6
tairbhe,,藞t酞藸a删什蓹v什蓹,藞t酞藸ai删什v什蓻,0.67
talamh,Connacht,藞t酞藸蓱l藸(h)蓹,藞t酞藸al藸av藸,0.6
talamh,Cois-Fharraige; Connacht,藞t酞藸a藧l酞藸蓹,藞t酞藸al藸av藸,0.8
talamh,Galway; Connacht,藞t酞藸al藸蓹,藞t酞藸al藸av藸,0.8
talamh,Mayo; Connacht,藞t酞藸al藸u藧,藞t酞藸al藸av藸,0.8
taobh,Connacht,t酞藸i藧v藸,藞t酞藸i藧v藸,1.0
taobh,Ulster; Connacht,t酞藸i藧w,藞t酞藸i藧v藸,0.67
tch铆,,t什i藧,藞t什hi藧,0.67
tch铆thear,,藞t什ih蓹删藸,藞t什hi藧莽忙删藸,0.6
te,,t什e(h),藞t什蓻,0.67
teagasc,,"c, k",藞t什蓱伞ask,0.17
teagasc,Connacht,藞t什a伞蓹s藸,藞t什蓱伞ask,0.83
teagmhaigh,Connacht,"藞t什a伞wi藧, 藞t什a伞w蓹",藞t什蓱蔁v什i藧,0.6
teith,,t什蓻(h),藞t什蓻莽,0.67
th,,h,,0.0
th',,h,莽,0.0
thairbhe,,藞ha删什蓹v什蓹,藞hai删什v什蓻,0.67
the,,h蓻,藞莽蓻,0.5
theach,,hax,藞莽蓹x,0.67
theas,,has藸,藞莽蓱s藸,0.67
thig,,hi蔁,藞莽瑟蔁,0.67
thigh,Ulster; Connacht,hi藧,藞莽i藧,0.5
thinn,Connacht,hi藧n虪什,藞莽蓹n虪什,0.67
thinn,Ulster; Connacht,h瑟n虪什,藞莽蓹n虪什,0.67
thiocfainn,,h蕣k蓹n虪什,藞莽瑟cf什忙蓹n虪什,0.33
thit,,hit什,藞莽瑟t什,0.67
threo,Munster; Connacht,h删什o藧,藞莽删什o藧,0.67
thr铆,,h删什i藧,藞莽删什i藧,0.67
thugainn,,藞h蕣伞蓹n虪什,藞h蓻蔁忙蓹n虪什,0.67
th茅as,,he藧s藸,藞莽e藧as藸,0.67
th茅id,,"he藧d什, hei摊d什",藞莽e藧d什,0.67
th茅igh,Ulster; Connacht,he藧j,藞莽e藧i藧,0.33
th铆os,,hi藧s藸,藞莽i藧蕣s藸,0.67
th铆r,,hi藧删什,藞莽i藧删什,0.67
tiocfaid,,藞t什蕣k蓹d什,藞t什瑟cf什aid什,0.57
tiocfaimid,,藞t什蕣k蓹m什蓹d什,藞t什瑟cf什aim什蓹d什,0.67
tiocfair,,藞t什蕣k蓹删什,藞t什瑟cf什ai删什,0.57
tn煤th,Ulster; Connacht,t酞藸删藸u藧,藞t酞藸n藸u藧,0.67
tochail,,藞t酞藸蓴x蓹l什,藞t酞藸蕣hail什,0.67
tochais,,藞t酞藸蓴x蓹蕛,藞t酞藸蕣hai蕛,0.67
togair,Munster; Connacht,藞t酞藸蓴伞蓹删什,藞t酞藸蓻蔁ai删什,0.67
ts,,"t什, t酞藸",藞t酞藸s藸,0.5
tseilbh,,藞t什蓻l什蓹v什,藞t什蕛蓻l什v什,0.6
tseilg,,藞t什蓻l什瑟蔁,藞t什蕛蓻l什蔁,0.6
tsl茅ibh,,t什l什e藧v什,藞t什蕛l什e藧瑟v什,0.67
tsnua,Ulster; Connacht,"t酞藸删藸农藧, t酞藸删藸农藧蓹",藞t酞藸s藸n藸ua,0.4
tsn谩mh,Connacht,t酞藸删藸蓱虄藧v藸,藞t酞藸s藸n藸蓱藧v,0.6
tsn谩mh,Munster; Connacht,t酞藸n酞藸蓱藧v藸,藞t酞藸s藸n藸蓱藧v,0.8
tsn谩tha,Connacht,"t酞藸n酞藸蓱藧, t酞藸删藸蓱藧",藞t酞藸s藸n藸蓱藧ha,0.5
ts谩,Munster; Connacht,t酞藸蓱藧,藞t酞藸s藸蓱藧,0.67
tugaim,Munster; Connacht,藞t酞藸蕣伞蓹m什,藞t酞藸蓻蔁aim什,0.67
tu铆,,t酞藸i藧,藞t酞藸ui藧,0.67
tu铆od贸ireacht,Connacht,藞t酞藸i藧d酞藸o藧删什,藞t酞藸ui藧蓻d什o藧删什蓱xt酞藸,0.5
t谩 a fhios ag,,"t酞藸a藧s藸 e蔁, t酞藸蓱藧s藸 e蔁",藞t酞藸蓱藧 a 藞瑟s藸 a伞,0.57
t茅igh,Ulster; Connacht,t什e藧j,藞t什e藧i藧,0.67
t茅igh,Ulster; Connacht,t什蓹i,藞t什e藧i藧,1.0
t贸gaim,Munster; Connacht,藞t酞藸o藧伞蓹m什,藞t酞藸o藧蔁aim什,0.67
uaf谩s,Connacht,藞u藧h蓱藧s藸,藞uaf藸蓱藧s藸,0.6
uaigh,Connacht,u蓹莽,藞ui藧,1.0
uaigh,Mayo; Connacht,u蓹j,藞ui藧,0.67
uaigh,Waterford; Munster; Galway; Connacht,u蓹,藞ui藧,1.0
uaimh,,u蓹v什,藞蕣ai藧,0.67
uainn,Connacht,"wen虪什, w忙n虪什",藞ua蓹n虪什,0.5
uath,,u蓹(h),藞ua,0.67
uathlatha铆,Connacht,藞u蓹l藸蓹hi藧,藞uahl藸a莽i藧,0.67
umhal,Connacht,"u藧l藸, u藧l酞藸",藞蕣v藸al藸,0.5
uncail,,藞蕣艐k蓹l什,藞蓻n什cail什,0.67
urch贸id,Connacht,藞蓴删藸蓹xo藧d什,藞蓻删什ho藧d什,0.67
u铆,,i藧,藞ui藧,0.5
u铆bh,,i藧v什,藞ui藧v什,0.67
v谩c,Connacht,w蓱藧k,藞v蓱藧k,0.67
y茅,,je藧,藞ye藧,0.5
脡abha,Ulster; Connacht,藞e藧w蓹,藞e藧av藸a,0.5
谩ibhirseoir,,藞蓱藧删蓵o藧删什,藞蓱藧瑟v什瑟删什蕛o藧删什,0.5
谩ith,Munster; Connacht,蓱藧(h),藞蓱藧莽,0.5
谩itithe,Connacht,藞蓱藧t什i藧,藞蓱藧t什瑟h蓹,0.6
谩itithe,Munster; Connacht,藞蓱藧t什瑟h蓹,藞蓱藧t什瑟h蓹,1.0
茅ad,Ulster; Connacht,e藧d酞藸,藞e藧ad酞藸,0.67
茅adtualaing,,藞e藧d酞藸蓴l蓹n,藞e藧ad酞藸ual什ai艐,0.67
茅ag,Ulster; Connacht,"e藧伞, 蓻蓹摊伞",藞e藧a伞,0.67
茅agaoin,Connacht,藞e藧伞i藧n什,藞e藧a蔁i藧n什,0.6
茅an,Ulster; Connacht,"e藧n藸, e藧n酞藸",藞e藧an藸,0.67
茅ar,,e藧删藸,藞e藧a删藸,0.67
茅il铆tear,Connacht,藞e藧l什i藧删什,藞e藧l什i藧t什忙删藸,0.67
铆ocaim,,藞i藧k蓹m什,藞i藧蓻caim什,0.5
铆ocfad,,藞i藧k蓹d酞藸,藞i藧蕣kf藸ad酞藸,0.67
铆ocfaidh,,藞i藧k蓹,藞i藧瑟cf什i藧,0.4
铆osfad,,藞i藧s藸蓹d酞藸,藞i藧蕣s藸f藸ad酞藸,0.67
铆osfaidh,,"藞i藧s藸i藧, 藞i藧s藸蓹, 藞i藧s藸瑟蔁",藞i藧瑟蕛f什i藧,0.6
铆oth,,i藧,藞i藧蕣,0.5
贸gfhear,,藞o藧伞藢a删藸,藞o藧蔁f什莽忙删藸,0.6
贸gh,,o藧,藞o藧桑,0.5
煤im,,u藧m什,藞u藧瑟m什,0.67
煤ir,,u藧删什,藞u藧瑟删什,0.67
煤th,,u藧,藞蕣t酞藸,0.5
