word	got	expected	lev	lev_norm	dolgo	dolgo_norm
in铆ona	藞in什i藧n藸蓹	藞in什i藧n藸i藧	2	80.00	0.2000	80.00
Fraince	藞f藸删藸a刹c瑟	藞f藸删藸忙刹c瑟	1	88.89	0.0000	100.00
eadhon	藞蓹i蓹n藸	a藧蓹n	4	33.33	0.5000	50.00
tseilg	藞t什蓻l什蓹c	藞t什蓻l什瑟蔁	2	75.00	0.4000	60.00
sleamhna	藞蕛l什蓹un酞藸蓹	藞蕛l虪什茫un酞藸蓹	2	81.82	0.1667	83.33
beagnach	藞b什a伞n酞藸蓹x	藞b什蓴伞n藸蓹x	2	80.00	0.1667	83.33
le ch茅ile	l什蓻 藞莽e藧l什蓹	l什蓹 藞莽e藧l什蓹	1	90.91	0.1667	83.33
comhr茅ireach	藞k瑟删什e藧删什蓹x	藞k藸o藧删藸e藧删什蓹x藸	5	64.29	0.1429	85.71
chomhair	藞x蓹u删什	xo藧删什	3	50.00	0.5000	50.00
c贸ire谩il	藞ko藧删什蓱藧l什	藞ko藧r什蓱藧l什	1	90.00	0.0000	100.00
bearrtha	藞b什a删藸h蓹	藞b什蓱藧删藸h蓹	2	77.78	0.2000	80.00
mhaithe	藞wah蓹	藞w茫h蓹	1	80.00	0.2500	75.00
freastalta	藞f什删什as藸t酞藸蓹l酞藸t酞藸蓹	藞f什删什as藸t酞藸蓹l酞藸t酞蓹	1	94.74	0.0000	100.00
gabhar	藞伞蓹u删藸	藞伞蓱u蓹删藸	2	71.43	0.4000	60.00
g茅agl谩idre	藞蔁e藧伞l藸蓱藧d什删什蓹	藞蔁e藧伞藢l藸蓱藧d什删什蓹	1	93.33	0.1111	88.89
leis-sean	藞l虪什蓻蕛藢蕛蓹n藸	藞l什蓻蕛蓹n藸	3	72.73	0.2857	71.43
bogha	藞b藸ai蓹	b藸au	3	50.00	0.5000	50.00
chealg	藞莽al藸蓹伞	藞莽al酞藸蓹伞	1	87.50	0.0000	100.00
bholg	w蓴l藸蓹伞	藞w蓴l藸蓹伞	1	85.71	0.0000	100.00
bricfeasta	藞b什删什瑟cf什蓹s藸t酞藸蓹	藞b什删什瑟c藢f什as藸t酞藸蓹	2	88.24	0.2000	80.00
ghn谩ch	桑n酞藸蓱藧x	桑n藸蓱藧x	1	85.71	0.0000	100.00
freastala铆onn	藞f什删什as藸t酞藸蓹l藸i藧蓹n酞藸	藞f什删什as藸t酞藸蓹l藸i藧n酞藸	1	95.00	0.1000	90.00
i gceann	蓹藞蔁a藧n酞藸	蔁扫虨n酞藸	4	50.00	0.7500	25.00
fheabhas	藞au蓹s藸	蓹us藸	3	50.00	0.5000	50.00
do-ranna	藞d酞藸蓴藢删藸蓹n酞藸蓹	藞d酞藸蓴藢删藸an酞藸蓹	1	92.31	0.1429	85.71
-a铆	藢i藧	i藧	1	66.67	0.5000	50.00
traidisi煤n	藞t酞藸删藸ad什瑟蕛u藧n藸	t酞藸删藸蓹藞d什瑟蕛u藧n藸	3	80.00	0.1250	87.50
cr铆ch	c删什i藧	c删什i藧莽	1	83.33	0.2500	75.00
D煤n 脡ideann	d酞藸u藧n藸 藞e藧d什蓹n酞藸	藞d酞藸u藧n藸 藞e藧d什蓹n酞藸	1	94.44	0.0000	100.00
ciumhaiseanna	藞c蓹u蕛蓹n酞藸蓹	藞cu藧蕛蓹n酞藸蓹	2	80.00	0.1429	85.71
cion	cjun藸	cun藸	1	80.00	0.2500	75.00
nuacht	n酞藸u蓹xt酞藸	n藸u藨蓹xt酞藸	2	77.78	0.1667	83.33
mion	藞m什瑟n藸	藞m什in藸	1	83.33	0.0000	100.00
se贸	蕛eo藧	蕛o藧	1	75.00	0.3333	66.67
bh铆s	v什i藧蕛	藞v什i藧蕛	1	83.33	0.0000	100.00
coisrig	藞k蓴蕛删什瑟蔁	藞k蓴蕛删什瑟c	1	87.50	0.1667	83.33
leanaim	藞l虪什an藸蓹m什	藞l虪什an酞藸蓹m什	1	90.91	0.0000	100.00
neasc贸id	藞n虪什as藸ko藧d什	藞n虪什瑟s藸ko藧d什	1	91.67	0.1667	83.33
bun ribe	b藸蕣n藸 藞删什瑟b什蓹	b藸蕦n藸 藞删藸扫虨b什蓹	4	71.43	0.3750	62.50
b谩thair	藞b藸蓱藧h蓹删什	藞b蓱藧h蓹删什	1	88.89	0.0000	100.00
n-贸g	n酞藸藢o藧伞	n酞藸o藧伞	1	85.71	0.2500	75.00
anduine	藞an酞藸d酞藸蓹n什蓹	藞an酞藸瑟n什蓹	4	66.67	0.3333	66.67
culaith	藞k蕣l藸蓹	藞kol藸i藧	3	57.14	0.5000	50.00
n贸sanna	藞n酞藸o藧s藸蓹n酞藸蓹	n酞藸o藧s藸蓹n酞藸蓹	1	92.31	0.0000	100.00
Iarmh铆	藢i蓹删什藞v什i藧	蓹藢n虪什i蓹删藸藞v什i藧	5	64.29	0.2500	75.00
seangaire	藞蕛a艐蓹删什蓹	藞蕛an藸蓹伞蓹删什蓹	4	63.64	0.2500	75.00
raidi贸	藞删藸ad什io藧	藞删藸ad什i藧o藧	1	90.00	0.0000	100.00
c茅 go	藞ce藧 伞蓹	藞ce藧伞蓹	1	85.71	0.0000	100.00
fhios	i蓴s藸	瑟s藸	2	50.00	0.3333	66.67
f茅inch煤is	藞f什e藧n酞藸xu藧蕛	藞f什e藧n什藢xu藧蕛	2	83.33	0.1429	85.71
comhartha	藞ko藧蓹删藸h蓹	藞k玫h蓹删藸u藧	4	55.56	0.6667	33.33
Volaifis	v藞蓴l藸蓹f什瑟蕛	w蓴l酞藸蓹f什瑟蕛	3	70.00	0.1429	85.71
sp谩in	s藸p藸蓱藧n什	sp藸蓱藧n什	1	87.50	0.0000	100.00
ianaithe	藞i蓹n藸瑟h蓹	瑟蓹n酞藸瑟蓹	4	50.00	0.1667	83.33
fir茅ad	藞f什瑟删什e藧d酞藸	藞f什瑟r什e藧d酞藸	1	90.91	0.0000	100.00
gleannta	藞蔁l什an酞藸t酞藸蓹	藞蔁l什a藧n酞藸t酞藸蓹	1	92.31	0.0000	100.00
Cla铆omh Solais	藢kl藸i藧蓹u 藞s藸蓴l藸蓹蕛	kl藸i藧v藸 藞s藸蓴l酞藸蓹蕛	4	76.47	0.2727	72.73
diomaite	藞d什蕣m藸蓹t什蓹	藞d什瑟m藸瑟t什蓹	2	80.00	0.3333	66.67
se谩l	藞蕛蓱藧l藸	蕛蓱藧l藸	1	83.33	0.0000	100.00
truaill	t酞藸删藸u蓹l什	t酞藸删藸u蓹l虪什	1	90.00	0.0000	100.00
t茅adchl谩r	藞t什e藧d酞藸xl藸蓱藧删藸	藞t什e藧d酞藸藢xl藸蓱藧删藸	1	93.75	0.1250	87.50
confach	藞k蓴n藸蓹f藸蓹x	藞k蕣n藸蓹f藸蓹x	1	90.00	0.1429	85.71
mairg	藞m藸a删什蓹c	藞m藸a删什瑟蔁	2	75.00	0.4000	60.00
abhac	藞au蓹k	auk	2	60.00	0.2500	75.00
ar oscailt	蓻删什藞蓴s藸k蓹l虪什t什	蓻删什 藞蓴s藸k瑟l什t什	3	78.57	0.1250	87.50
seanfhocal	藞蕛an藸蓹k蓹l藸	藞蕛an藸蓴k蓹l藸	1	90.00	0.1429	85.71
aonbheannach	藞i藧n什蓹v什蓹n酞藸蓹x	藞e藧n藸.藞v什a.n藸蓹x	7	53.33	0.3750	62.50
feidhme	藞f什蓻jm什蓹	藞f什蓹im什蓹	2	75.00	0.4000	60.00
-f铆	藢f什i藧	f什i藧	1	80.00	0.3333	66.67
slios	蕛l什瑟s藸	蕛l虪什瑟s藸	1	85.71	0.0000	100.00
fionn	f什瑟o藧n酞藸	f什u藧n酞藸	2	75.00	0.5000	50.00
n-alt	n酞藸藢al酞藸t酞藸	n酞藸al酞藸t酞藸	1	90.91	0.2000	80.00
Gaedhlaing	藞伞e藧l藸蓹艐	藞伞e藧l瑟刹	3	62.50	0.2000	80.00
amharc	藞蓹u删藸k	藞a藧f藸删藸蓹k	5	44.44	0.6000	40.00
comhlach	藞ko藧l藸蓹x	藞ku藧l藸蓹x	1	87.50	0.2000	80.00
c铆or thuathail	ci藧删藸 藞hu蓹h蓹l什	c瑟蓹删藸 h蕣蓹h瑟l什	5	64.29	0.2000	80.00
gr谩n bu铆	伞删藸蓱藧n藸 藞b藸i藧	藞伞删藸蓱藧n藸 b藸i藧	2	84.62	0.0000	100.00
b贸ithr铆	藞b藸o藧h删什i藧	藞b藸o藧删什i藧	1	90.00	0.2000	80.00
seasamh	藞蕛as藸u藧	藞蕛as藸蓹v藸	3	62.50	0.4000	60.00
b贸thair	藞b藸o藧h蓹删什	藞bo藧h蓹删什	1	88.89	0.0000	100.00
cad 茅	kad酞藸 藞e藧	k蓹d酞藸藞e藧	2	77.78	0.2500	75.00
donnrua	藞d酞藸蕣n酞藸删藸u蓹	藞d酞藸蓴n酞藸藢删藸u蓹	2	84.62	0.2857	71.43
laghairt	藞l酞藸ai蓹删藸t什	l酞藸蓹i删藸t什	3	72.73	0.3333	66.67
burla	藞b藸u藧删藸l酞藸蓹	藞b藸u藧r藸l酞藸蓹	1	90.91	0.0000	100.00
Fhionlainn	藞瑟n酞藸l藸蓹n虪什	藞瑟nl藸蓹n虪什	2	81.82	0.0000	100.00
Droichead Nua	藢d酞藸删藸蓻莽蓹d酞藸 藞n酞藸u蓹	藢d酞藸删藸e藧d酞藸 藞n酞藸u藧	4	78.95	0.3000	70.00
Nollag	藞n酞藸蓴l酞藸蓹伞	藞n酞藸ol藸蓹k	3	70.00	0.2000	80.00
athair	藞忙h蓹删什	藞忙h忙删什	1	83.33	0.2500	75.00
b铆chearb	藞b什i藧莽蓹删藸b藸	藞b什i藧莽蓹删藸蓹b藸	1	91.67	0.1429	85.71
coireanna	藞k蓻删什蓹n酞藸蓹	藞k蓻删什蓹n藸蓹	1	90.00	0.0000	100.00
d谩 bhr铆 sin	d酞藸蓱藧 v什删什i藧 藞蕛瑟n什	d酞藸蓱藧 藞v什删什i藧 蕛瑟n什	2	88.89	0.0000	100.00
as a ch茅ile	as藸 蓹藞莽e藧l什蓹	as藸 蓹 藞莽e藧l什蓹	1	92.31	0.0000	100.00
beireas	藞b什蓻删什蓹s藸	藞b什蓻删什蓹s酞藸	1	90.00	0.0000	100.00
'ur	蕣删藸	蓹	3	0.00	1.0000	0.00
mharbh	藞wa删藸u藧	藞war藸u藧	1	85.71	0.0000	100.00
libh	l什蓹i	l什瑟b什	3	40.00	0.6667	33.33
aighneas	藞ajn什蓹s藸	藞ai.n什蓹s藸	2	77.78	0.2000	80.00
dualgas	藞d酞藸u蓹l藸蓹伞蓹s藸	藞d酞藸u蓹l藸伞蓹s藸	1	92.31	0.1250	87.50
茅asc	e藧s藸k	e藧sk	1	80.00	0.0000	100.00
Muileann gCearr	藢m藸瑟l什蓹n酞藸 藞蔁a删藸	蓹n藸 藢m藸瑟l什蓹n酞藸 藞蔁蓱藧删藸	6	71.43	0.2727	72.73
tabharthach	藞t酞藸au蓹删藸h蓹x	藞t酞藸au删藸h蓹x	1	91.67	0.1250	87.50
gairmeach	藞伞a删什蓹藢m什蓹x	伞a删什藢m什蓹x	2	81.82	0.1250	87.50
Vein茅iseach	v藞蓻n什e藧蕛蓹x	藞v什蓻n什e藧蕛蓹x	2	81.82	0.0000	100.00
geallaim	藞蔁al酞藸蓹m什	藞蔁a藧l酞藸蓹m什	1	90.00	0.0000	100.00
in铆on	藞瑟n什i藧n藸	n什i藧n藸	2	75.00	0.2500	75.00
bean rialta	b什an藸 藞删什i蓹l酞藸t酞藸蓹	藢b什an藸 藞删藸i蓹l酞藸t酞藸蓹	2	89.47	0.1000	90.00
c茅achta	藞ce藧xt酞藸蓹	藞ce藧x.t酞藸蓹	1	90.00	0.0000	100.00
magairle	藞m藸a伞蓹藧删什l什蓹	藞m藸a伞蓹删藸l虪什蓹	3	75.00	0.1250	87.50
banna	藞b藸an酞藸蓹	藞b藸an藸蓹	1	87.50	0.0000	100.00
bunt煤s	藞b藸蕣n酞藸t酞藸u藧s藸	藞b藸un藸.藞t藸u藧s藸	5	64.29	0.0000	100.00
inneoin	藞瑟n虪什o藧n什	藞in虪什u藧n什	2	77.78	0.2500	75.00
bualadh	藞b藸u蓹l藸蓹	藞b藸蓴l酞藸蓹	3	62.50	0.4000	60.00
Laighin	藞l酞藸aj蓹n什	l酞藸蓹in什	4	55.56	0.6000	40.00
Aindri煤	藞an虪什d什删什u藧	藞an什删什u藧	3	72.73	0.2000	80.00
raim茅is	藞删藸am什e藧蕛	藞删藸蓱藧m什e藧蕛	2	80.00	0.2000	80.00
seabhac	藞蕛au蓹k	蕛auk	2	66.67	0.2000	80.00
n-asal	n酞藸藞as藸蓹l藸	藞n酞藸as藸蓹l藸	2	80.00	0.0000	100.00
eochair	藞o藧x蓹删什	藞蓴x蓹删什	2	71.43	0.0000	100.00
Cheatharlach	藞莽ah蓹藧删藸l酞藸蓹x	藞莽ah蓹删藸l酞藸蓹x	1	92.31	0.1111	88.89
Tadhg	t酞藸蓹伞	t酞藸ai蓹伞	2	71.43	0.4000	60.00
aiges	藞a蔁瑟蕛	藞蓻蔁瑟s藸	3	50.00	0.2500	75.00
in谩r	藞瑟n藸蓱藧删藸	瑟藞n藸a藧删藸	3	62.50	0.2500	75.00
R贸imhe	藞删藸o藧v什蓹	藞删藸玫藧v什蓹	1	87.50	0.2500	75.00
-fidh	藢i藧	i藧	1	66.67	0.5000	50.00
tur	藞t酞藸蕣删藸	t酞藸蕣删藸	1	85.71	0.0000	100.00
ac煤staic	藞aku藧s藸t酞藸瑟c	蓹藞ku藧s藸t酞藸瑟c	2	83.33	0.1429	85.71
gairmi煤lacht	藞伞a删什蓹m什u藧l藸蓹xt酞藸	伞a删什藞m什u藧l酞藸蓹xt酞藸	3	82.35	0.1000	90.00
sle谩n	蕛l什蓱藧n藸	蕛l虪什蓱藧n藸	1	87.50	0.0000	100.00
sol m谩	s藸蓴l藸 藞m藸蓱藧	藞s藸蓴l藸m藸蓱藧	3	72.73	0.0000	100.00
giucs	蔁蕣ks藸	蔁莎ks藸	1	80.00	0.2500	75.00
m铆or煤ilteach	藞m什i藧删藸u藧l虪什t什蓹x	藞m什i藧删藸u藧l酞藸t酞藸蓹x	4	76.47	0.0000	100.00
hIarmh铆	藢hi蓹删什藞v什i藧	藢hi蓹删藸藞v什i藧	1	90.91	0.0000	100.00
D煤n Laoghaire	d酞藸u藧n藸 藞l酞藸i藧蓹删什蓹	d酞藸u藧n酞藸 藞l酞藸i藧删什蓹	2	88.89	0.1250	87.50
coile谩n	藞k蓻l什蓱藧n藸	藞kil什蓱藧n藸	1	88.89	0.2000	80.00
d'oilfeadh	藞d酞藸蓻l虪什h蓹	藞d酞藸蓻l什hu	2	80.00	0.2000	80.00
V铆n	vi藧n什	v什i藧n什	1	83.33	0.0000	100.00
deifre	藞d什蓻f什删什蓹	藞d什蓻f什r什蓹	1	88.89	0.0000	100.00
glaodh	伞l藸蓹	伞l藸i藧	2	60.00	0.3333	66.67
caisearbh谩n	藞ka蕛蓹删藸wa藧n藸	藞ka蕛l虪什蓹wa藧n藸	4	69.23	0.2500	75.00
-fas	藢h蓹s藸	h蓹s藸	1	80.00	0.2500	75.00
taifead	藞t酞藸ah蓹d酞藸	藞t酞藸af什蓹d酞藸	2	81.82	0.2000	80.00
m铆n	藞m什i藧n什	m什i藧n什	1	85.71	0.0000	100.00
oileadh	藞蓻l什蓹	藞蓻l什蓹t什	2	71.43	0.2500	75.00
-铆m	藢i藧m什	i藧m什	1	80.00	0.3333	66.67
Cr贸itis	藞k删藸o藧t什瑟蕛	藞k删藸o藧t什蓹蕛	1	90.00	0.1667	83.33
aonta铆m	藞i藧n酞藸t酞藸蓹m什	藞i藧n酞藸t酞藸i藧m什	2	84.62	0.2000	80.00
na铆onta	藞n酞藸i藧蓴n酞藸t酞藸蓹	藞n酞藸i藧n酞藸t酞藸蓹	1	92.86	0.1667	83.33
C贸bh	ko藧w	ko藧v藸	2	60.00	0.3333	66.67
M煤scra铆	藞m藸u藧s藸k删藸i藧	m藸u藧z酞藸藞伞删藸i藧	5	61.54	0.3333	66.67
caint	kan虪什t什	ka藧n虪什t什	1	87.50	0.0000	100.00
cumha	藞k蓹u	ku蓹	3	25.00	0.6667	33.33
inniu	藞瑟n虪什蓹	蓹藞n虪什u	3	50.00	0.6667	33.33
feirg	藞f什蓻删什蓹c	藞f什蓻删什瑟蔁	2	75.00	0.4000	60.00
b谩d贸ireacht	藞b藸蓱藧d酞藸o藧删什蓹xt酞藸	藞b藸蓱藧do藧删什蓹xt酞藸	2	88.24	0.0000	100.00
imn铆	藞瑟m什n什i藧	藞瑟m什删什i藧	1	87.50	0.2500	75.00
bl谩thnaid	藞b藸l藸蓱藧hn酞藸蓹d什	藞b藸l酞藸蓱藧n酞藸蓹d什	2	85.71	0.1429	85.71
Bandan	藞b藸an酞藸d酞藸蓹n藸	b藸蓱n酞藸d酞藸蓹n酞藸	3	76.92	0.1667	83.33
fairsing	藞f藸a删藸蕛蓹刹	藞f藸a删藸蕛蓹n虪什	3	72.73	0.0000	100.00
d贸iche	藞d酞藸o藧莽蓹	藞d酞藸蓴藧i莽瑟	3	66.67	0.4000	60.00
bhfuiltear	藞w瑟l虪什t什蓹删藸	藞w瑟l虪什t什蓹删什	1	90.91	0.0000	100.00
Mumhan	藞m藸蓹un藸	m藸u藧n藸	3	57.14	0.2500	75.00
amha	藞au蓹	藞aw蓹	1	75.00	0.3333	66.67
anglaise	藞瑟艐l藸蓹蕛蓹	藞a艐伞l蓹蕛蓹	3	62.50	0.2857	71.43
ar dt煤is	蓻删什藞d酞藸u藧蕛	蓻删藸藞d酞藸u藧蕛	1	90.00	0.0000	100.00
Siobh谩n	藞蕛蕣蓱藧n酞藸	藞蕛蕣wa藧n酞藸	2	77.78	0.4000	60.00
mallacht	藞m藸al酞藸蓹xt酞藸	藞m藸a藧l酞藸蓹xt酞藸	1	92.31	0.0000	100.00
fortacht	藞f藸蓴删藸t酞藸蓹xt酞藸	藞f藸蓴删藸t酞蓹xt酞藸	1	92.86	0.0000	100.00
gabh谩ltas	藞伞蓹u蓱藧l酞藸t酞藸蓹s藸	藞伞o藧l酞藸t酞藸蓹s藸	3	80.00	0.3750	62.50
liopard	藞l什ip藸蓹删藸d酞藸	藞l什i.p藸蓹删藸d藸	2	83.33	0.0000	100.00
Airm茅inis	藞a删什蓹m什e藧n什瑟蕛	藞a删什蓹m什e藧n什蓹蕛	1	92.31	0.1250	87.50
L煤nasa	藞l酞藸u藧n藸蓹s藸蓹	藞l酞藸u藧n酞藸蓹s藸蓹	1	92.31	0.0000	100.00
cnoga	藞k删藸蓴伞蓹	藞kn藸u伞蓹	2	71.43	0.4000	60.00
Fionnghall	藞f什瑟n酞藸桑蓹l酞藸	f什u藧n桑al	8	33.33	0.3333	66.67
dar le	藞d酞藸a删藸 l什蓻	d酞藸a删藸 l什蓻	1	90.91	0.0000	100.00
meall	m什a藧l酞藸	m什蓱藧l酞藸	1	85.71	0.3333	66.67
achoimre	藞ax蓹m什删什蓹	藞a藢x瑟m什删什蓹	2	80.00	0.2857	71.43
gluaiste谩n	藞伞l藸u蓹蕛t什蓱藧n酞藸	藞伞l酞藸蕣蓹蕛t什蓱藧n酞藸	2	86.67	0.0000	100.00
East贸inis	藞as藸t酞藸o藧n什瑟蕛	藞as藸t藸o藧n什瑟蕛	1	92.31	0.0000	100.00
sochreidte	藞s藸蓴h删什蓹d什t什蓹	藞s藸蓴藢莽删什蓻t什蓹	5	61.54	0.5000	50.00
foraois	藞f藸蓴删藸i藧蕛	藞f蓴删藸i藧蕛	1	88.89	0.0000	100.00
Sprantais	藞s藸p藸删藸an酞藸t酞藸瑟蕛	藞s藸p藸r藸an酞藸t酞藸瑟蕛	1	93.75	0.0000	100.00
Afganast谩in	藞af藸伞蓹n藸蓹s藸t酞藸蓱藧n什	af藸藞伞an酞藸蓹s藸t酞藸蓱藧n什	4	78.95	0.1000	90.00
dochreidte	藞d酞藸蓴h删什蓹d什t什蓹	d酞藸蓴藞莽删什蓻t什蓹	6	57.14	0.3750	62.50
sr谩idbhaile	藞s藸删藸蓱藧d酞藸w蓹l什蓹	藞s藸删藸蓱藧d什wal什蓹	3	80.00	0.1250	87.50
-ne	藢n什蓹	n什蓹	1	75.00	0.3333	66.67
ngabhar	藞艐蓹u删藸	藞艐蓱u蓹删藸	2	71.43	0.4000	60.00
in 茅ineacht le	瑟n什 藞e藧n什蓹xt酞藸 l什蓻	蓹藞n虪什e藧n什蓹xt酞藸 l什蓹	6	66.67	0.2222	77.78
cinnig铆	藞c瑟n虪什瑟蔁i藧	藞c瑟n虪瑟蔁i藧	1	90.00	0.0000	100.00
cla铆omh	藞kl藸i藧蓹u	藞kl酞藸a藧v什蓹	5	50.00	0.6000	40.00
guidte	藞伞瑟d什t什蓹	藞伞瑟t什蓹	2	75.00	0.2000	80.00
lastuaidh	藞l酞藸as藸t酞藸u蓹	l酞藸as藸藞t酞藸u蓹	2	83.33	0.0000	100.00
gleomhar	藞蔁l什o藧w蓹删藸	藞蔁l什o藧v藸蓹删藸	2	81.82	0.1667	83.33
feadh	f什瑟	f什忙藧	2	50.00	0.5000	50.00
libhse	藞l虪什蓹i蕛蓹	藞l什瑟v什蕛蓹	4	50.00	0.4000	60.00
ar dt煤s	蓻删什藞d酞藸u藧s藸	蓹删藸藞d酞藸u藧s藸	2	81.82	0.2000	80.00
l谩mh	l酞藸蓱藧w	l酞藸蓱藧v藸	2	71.43	0.3333	66.67
aisig	藞a蕛瑟蔁	藞a蕛瑟c	1	80.00	0.2500	75.00
hoibre	藞h蓻b什删什蓹	藞h蓻b什r什蓹	1	87.50	0.0000	100.00
comhionann	藞k瑟i蓹n藸蓹n酞藸	藞ku藧藞a藧n酞藸蓹n酞藸	6	57.14	0.4286	57.14
carr patr贸il	ka删藸 藞p藸at酞藸删藸o藧l什	藢k蓱藧删藸 藞pat酞藸删藸o藧l虪什	5	75.00	0.2000	80.00
seamhan	藞蕛蓹un藸	蕛蓹un藸	1	83.33	0.0000	100.00
carbhat	藞ka删藸蓹w蓹t酞藸	k蓱删藸蓹藞w蓱t酞藸蓹	5	58.33	0.3750	62.50
nochtach	藞n酞藸蓴xt酞藸蓹x	藞n蓴xt酞藸蓹x	2	81.82	0.0000	100.00
n-ard	n酞藸藢蓱藧删藸d酞藸	n酞藸蓱藧删藸d酞藸	1	90.91	0.2000	80.00
t-ard	t酞藸藢蓱藧删藸d酞藸	t酞藸蓱藧删藸d酞藸	1	90.91	0.2000	80.00
leabhar	藞l虪什蓹u删藸	l虪什蓹u删藸	1	87.50	0.0000	100.00
amach is amach	藢am藸蓹x s藸 藞am藸蓹x	蓹藞m藸ax 蓹s藸 蓹藞m藸ax	7	58.82	0.6000	40.00
-贸s	藢o藧s藸	o藧s藸	1	80.00	0.3333	66.67
Port an D煤n谩in	p藸蓴删藸t酞藸 蓹n藸 藞d酞藸u藧n藸蓱藧n什	p藸蓴删藸t酞藸 蓹 藞d酞藸u藧n藸蓱藧n什	2	92.00	0.0909	90.91
Carghas	藞ka删藸蓹s藸	藞ka删藸i藧s藸	2	77.78	0.2000	80.00
pleidhc	藞p什l什蓻jc	藞pl蓹ik	5	37.50	0.4000	60.00
giot谩r	藞蔁瑟t酞藸蓱藧删藸	蔁瑟藞t酞藸蓱藧删藸	2	80.00	0.0000	100.00
c茅ad m铆le f谩ilte	ce藧d酞藸 m什i藧l什蓹 藞f藸蓱藧l虪什t什蓹	ce藧d酞藸 藞m什i藧l什蓹 藞f藸a藧l什t什蓹	3	88.46	0.0833	91.67
drochbh茅asach	藞d酞藸删藸蓴hv什e藧s藸蓹x	d酞藸删蓴x藞v什e藧s藸蓹x	4	75.00	0.1111	88.89
Iod谩ilis	藞瑟d酞藸a藧l什瑟蕛	藞瑟d藸a藧l什瑟蕛	1	90.91	0.0000	100.00
th茅igh	h瑟	he藧j	3	25.00	0.6667	33.33
Aodh	蓹	e藧	2	0.00	1.0000	0.00
O铆che Inide	藢i藧莽蓹 藞瑟n什蓹d什蓹	藞i藧莽 藞瑟n什蓹d什蓹	2	85.71	0.2222	77.78
banc fola	b藸a艐k 藞f藸蓴l藸蓹	b藸蓱艐k f藸蓴l酞藸蓹	3	76.92	0.1250	87.50
deamhan	藞d什蓹un酞藸	d什蓹un酞藸	1	87.50	0.0000	100.00
rinneabhair	藞删藸瑟n虪什蓹u删什	藞删藸瑟n什蓹w蓹删什	3	72.73	0.2857	71.43
foirmi煤lacht	藞f藸蓻删什蓹m什u藧l藸蓹xt酞藸	藞f藸蓴删藸m什u藧l藸蓹xt酞藸	3	83.33	0.2000	80.00
cast贸ir	藞kas藸t酞藸o藧删什	藞k藸as藸.t藸o删什	4	66.67	0.0000	100.00
Dia's Muire duit	藢d什i蓹s藸 m藸瑟删什蓹 藞d酞藸瑟t什	藢d什i蓹s 藞m藸瑟删什蓹 藞d酞藸瑟t什	2	90.91	0.0000	100.00
ceathair d茅ag	藢cah蓹删什 d什e藧伞	藞cah蓹删什 je藧伞	3	76.92	0.2222	77.78
mbaile	藞m藸al什蓹	藞m藸蓱藧l什蓹	2	75.00	0.2500	75.00
veigeat贸ir	v藞蓻蔁蓹t酞藸o藧删什	藞v什蓻蔁瑟t酞藸o藧删什	3	76.92	0.1429	85.71
-sean	藢蕛an藸	蕛蓹n藸	2	60.00	0.5000	50.00
gairmi煤laigh	藞伞a删什蓹m什u藧l藸i藧	伞a删什m什u藧l酞藸i藧	3	78.57	0.1250	87.50
cladh	kl藸蓹	kl藸ai	2	60.00	0.5000	50.00
deireanach	藞d什蓻删什蓹n藸蓹x	藞d什蓻删什蓹n酞藸蓹x	1	91.67	0.0000	100.00
dalta	藞d酞藸al酞藸t酞藸蓹	d酞藸al藸t酞藸蓹	2	83.33	0.0000	100.00
leirg	藞l虪什蓻删什蓹c	藞l虪什蓻删什瑟蔁	2	77.78	0.4000	60.00
t茅igh	t什瑟	t什蓹i	2	50.00	0.3333	66.67
p茅inte谩ilte	藞p什e藧n什t什蓱藧l什t什蓹	藞p什e藧n什t什蓱藧l虪什t什蓹	1	94.12	0.0000	100.00
mill	m什瑟l虪什	m什瑟l什	1	83.33	0.0000	100.00
inseoidh	藞in虪什蕛蓹	藞in什蕛o藧	3	57.14	0.2500	75.00
r铆omhchl谩raitheoir	藞删藸i藧v藸xl藸蓱藧删藸蓹ho藧删什	删藸i藧v藸藞xl藸a藧删藸蓹ho藧删什	3	85.00	0.0909	90.91
cuarta	藞ku蓹删藸t酞藸蓹	ku蓹删藸t酞藸蓹	1	90.00	0.0000	100.00
ar buile	蓻删什藞b藸瑟l什蓹	藞e删什藞b藸i.l什蓹	4	66.67	0.0000	100.00
ar铆s	藞a删什i藧蕛	蓹藞删什i藧蕛	2	71.43	0.2500	75.00
comr谩da铆	藞k蓴m藸删藸蓱藧d酞藸i藧	kum藸藞删藸蓱藧d酞藸i藧	3	78.57	0.1429	85.71
at谩	藞at酞藸蓱藧	蓹藞t酞藸蓱藧	2	71.43	0.3333	66.67
b铆mid	藞b什i藧m什蓹d什	b什i藧m什蓹d什	1	90.00	0.0000	100.00
comhair	藞ko藧蓹删什	ku藧删什	3	57.14	0.5000	50.00
-铆mid	藢i藧m什蓹d什	i藧m什蓹d什	1	87.50	0.2000	80.00
arraing	藞a删藸蓹艐	藞a删藸蓹n虪什	3	62.50	0.0000	100.00
adhall	藞ai蓹l酞藸	藞蓹i蓹l酞藸	1	85.71	0.2500	75.00
at谩thar	藞at酞藸蓱藧h蓹删藸	蓹藞t酞藸蓱藧h蓹删藸	2	81.82	0.1667	83.33
-t谩	藢t酞藸蓱藧	t酞藸a藧	2	66.67	0.6667	33.33
d贸nna	藞d酞藸o藧n酞藸蓹	d酞藸o藧n酞藸蓹	1	90.00	0.0000	100.00
stairi煤il	藞s藸t酞藸a删什u藧l什	藞s藸t藸a删什u藧l什	1	92.31	0.0000	100.00
fr茅amhshamhail	藞f什删什e藧v藸h蓹ul什	藞f什删什e藧v藸.haw蓹l什	4	75.00	0.3333	66.67
Danmhairgis	藞d酞藸an藸蓹w蓹删什蔁瑟蕛	藞d酞藸an藸wa删什瑟蔁瑟蕛	3	80.00	0.3000	70.00
th谩ngthas	藞ha藧n酞藸h蓹s藸	藞ha藧n蓹k蓹s	4	63.64	0.2857	71.43
bhFranc	w删藸a艐k	藞v藸删藸a艐k	3	62.50	0.2000	80.00
tiocfaid	藞t什蕣kf藸蓹d什	藞t什蕣k蓹d什	2	80.00	0.1667	83.33
bliana	藞b什l什i蓹n藸蓹	藞b什l什i蓹n酞藸蓹	1	90.91	0.0000	100.00
t-airgead	t酞藸藞a删什蓹蔁蓹d酞藸	藞t酞藸a删什瑟蔁蓹d酞藸	3	76.92	0.1429	85.71
-imis	藢瑟m什瑟蕛	蓹m什蓹蕛	3	50.00	0.6000	40.00
lastuas	藞l酞藸as藸t酞藸u蓹s藸	l酞藸as藸藞t酞藸u蓹s藸	2	85.71	0.0000	100.00
Gaeilge na h脡ireann	藢伞e藧l什蓹蔁瑟 n酞藸蓹 藞he藧删什a藧n酞藸	藞伞e藧l什蔁瑟 n酞藸蓹 藞he藧删什蓹n酞藸	4	84.62	0.2143	78.57
gearrfar	藞蔁a删藸f藸蓹删藸	藞蔁蓱藧删藸f藸蓹删藸	2	81.82	0.1667	83.33
脡adaoin	藞e藧d酞藸i藧n什	藞e藧d什i藧n什	2	80.00	0.0000	100.00
p贸said	藞p藸o藧s藸蓹d什	p藸o藧s藸蓹d什	1	90.00	0.0000	100.00
haon d茅ag	hi藧n藸 d什e藧伞	he藧n虪什 d什e藧伞	3	75.00	0.1667	83.33
airg	藞a删什蓹c	藞a删什瑟蔁	2	66.67	0.5000	50.00
ionad	藞瑟n藸蓹d酞藸	藞in藸蓹d酞藸	1	87.50	0.0000	100.00
-贸fa铆	藢o藧hi藧	o藧hi藧	1	83.33	0.2500	75.00
mar sin f茅in	m藸蓹删藸 蕛瑟n什 藞f什e藧n什	m藸a删藸 蕛瑟n什 藞he藧n什	3	83.33	0.2222	77.78
d煤inte	藞d酞藸u藧n虪什t什蓹	藞d酞u藧n虪什t什蓹	1	91.67	0.0000	100.00
贸gh	蓹	o藧	2	0.00	1.0000	0.00
aonad	藞i藧n藸蓹d酞藸	藞e藧n藸蓹d酞藸	1	88.89	0.2500	75.00
r铆omhaire	藞删藸i藧w蓹删什蓹	藞删藸i藧v藸蓹删什蓹	2	81.82	0.1667	83.33
foghar	藞f藸ai蓹删藸	f藸au删藸	3	62.50	0.4000	60.00
Bolc谩in	藞b藸蓴l藸k蓱藧n什	藞b蓴l藸k蓱藧n什	1	90.91	0.0000	100.00
bolc谩in	藞b藸蓴l藸k蓱藧n什	藞b蓴l藸k蓱藧n什	1	90.91	0.0000	100.00
d煤irt	d酞藸u藧删藸t什	d酞藸u藧删什t什	1	88.89	0.0000	100.00
lagsprid	藞l酞藸a蔁蕛p什删什蓹d什	藞l酞藸蓱伞s藸p什删什id什	5	66.67	0.2500	75.00
bronntanas	藞b藸删藸蕣n酞藸t酞藸蓹n藸蓹s藸	藞b藸删藸u藧n酞藸t酞藸蓹n藸蓹s藸	2	89.47	0.0000	100.00
Shamhain	藞h蓹un什	h蓹un什	1	83.33	0.0000	100.00
Catal贸inis	藞kat酞藸蓹l藸o藧n什瑟蕛	藞kat藸蓹l酞藸o藧n什蓹蕛	3	80.00	0.1111	88.89
leithsc茅al	藞l虪什蓻h蕛ce藧l藸	藞l虪什e蕛ce藧l藸	2	83.33	0.1429	85.71
Feardorcha	藞f什a删藸d酞藸蓹删藸x蓹	藞f什a删藸d酞藸蓴删藸蓹x蓹	2	86.67	0.2222	77.78
tr谩igh	t酞藸删藸蓹	t酞藸删藸蓱藧	2	71.43	0.3333	66.67
Odhr谩n	藞u藧删藸蓱藧n藸	藞o藧删藸蓱藧n藸	1	88.89	0.2500	75.00
url谩r	藞u藧删藸l酞藸蓱藧删藸	藞au删藸l酞藸蓱藧删藸	2	83.33	0.1667	83.33
domlas	藞d酞藸蓴m藸l藸蓹s藸	藞d酞藸um藸l藸蓹s藸	1	91.67	0.1667	83.33
tch铆m	藞t什i藧m什	藞t什i藧m藸	1	85.71	0.0000	100.00
greannmhar	藞蔁删什an酞藸蓹w蓹删藸	藞蔁删什an酞藸w蓹删藸	1	92.31	0.1250	87.50
dhona	藞桑蓴n藸蓹	藞桑蓴n酞藸蓹	1	85.71	0.0000	100.00
ospid茅al	藞瑟蕛p什蓹d什e藧l藸	藞蓴s藸p什蓹d什e藧l藸	3	76.92	0.1429	85.71
monarcacht	藞m藸蓴n藸蓹删藸k蓹xt酞藸	藞m藸蓴n蓹删藸k蓹xt酞藸	1	93.33	0.0000	100.00
Me谩n F贸mhair	藢m什蓱藧n藸 藞f藸o藧w蓹删什	藢m什蓱藧n酞藸 藞fo藧w蓹删什	2	88.24	0.0000	100.00
cruitchl谩r	藞k删藸蕣t酞藸xl藸蓱藧删藸	藞k删藸瑟t什藢xl藸蓱藧删藸	3	80.00	0.2222	77.78
D茅 Luain	d什e藧 藞l酞藸u蓹n什	d什e藧藞l酞藸u蓹n什	1	92.31	0.0000	100.00
Vall煤inis	v藞al酞藸u藧n什瑟蕛	wal酞藸u藧n什瑟蕛	2	83.33	0.1429	85.71
dearth谩ireacha	藞d什a删藸h蓱藧删什蓹x蓹	藞d什a删藸ha删什蓹x蓹	2	85.71	0.1111	88.89
Ean谩ir	藞an藸蓱藧删什	藞an酞藸蓱藧删什	1	88.89	0.0000	100.00
L谩 Fh茅ile P谩draig	l酞藸蓱藧 e藧l什蓹 藞p藸蓱藧d酞藸删藸瑟c	藢l酞藸蓱藧 藢e藧l什蓹 藞p藸蓱藧删藸瑟c	5	79.17	0.2500	75.00
is 茅igean	s藸 藞e藧蔁蓹n藸	藞蕛e藧蔁蓹n藸	4	60.00	0.0000	100.00
braichlis	藞b藸删藸a莽l什瑟蕛	藞b藸删藸ai莽.l什瑟蕛	2	84.62	0.1250	87.50
ar b铆s	蓻删什藞b什i藧蕛	蓹删藸藞b什i藧蕛	2	77.78	0.2000	80.00
drochsh煤il	藞d酞藸删藸蓴xhu藧l什	d酞藸删藸蓴x藞hu藧l什	2	84.62	0.0000	100.00
ar cuaird	蓻删什藞ku蓹删藸d什	蓻删什 藞ku蓹删藸d什	1	91.67	0.0000	100.00
cruitchl谩ra铆	藞k删藸蕣t酞藸xl藸蓱藧删藸i藧	藞k删藸瑟t什xl藸蓱藧删藸i藧	3	82.35	0.1111	88.89
faigh	f藸蓹	f藸蓹i	1	75.00	0.3333	66.67
Indiacha	藞瑟n虪什d什i蓹x蓹	藞in什i蓹x蓹	4	63.64	0.1429	85.71
aidhmeannas	藞蓱藧jm什蓹n酞藸蓹s藸	藞蓹im什蓹n酞藸蓹s藸	3	76.92	0.2857	71.43
n-uaireanta	n酞藸藞u蓹删什蓹n酞藸t酞藸蓹	藞n酞藸u蓹删什蓹n酞藸t酞藸蓹	2	87.50	0.0000	100.00
aduaidh	藞ad酞藸u蓹	蓹藞d酞藸u蓹	2	71.43	0.2500	75.00
a chairde	蓹藞x蓱藧删藸d什蓹	蓹 藞x蓱藧删藸d什蓹	1	90.91	0.0000	100.00
isteach	藞瑟蕛t什蓹x	蓹蕛藞t什ax	4	42.86	0.4000	60.00
ardfhear	藞蓱藧删藸d什蓹删藸	藞蓱藧删藸d酞藸藢a删藸	4	66.67	0.3333	66.67
fuinneoige	藞f藸in虪什o藧蔁瑟	藞fi刹o藧伞什蓹	7	36.36	0.1667	83.33
T铆r na n脫g	t什i藧删什 n酞藸蓹 藞n酞藸o藧伞	藢t什i藧删藸 n酞藸蓹 藞n酞藸o藧伞	2	90.00	0.1111	88.89
oifigi煤il	藞蓻f什蓹蔁u藧l什	藞蓻f什瑟蔁u藧l什	1	90.00	0.1667	83.33
foghlaim	藞f藸ail藸蓹m什	藞f藸o藧l藸蓹m什	2	80.00	0.3333	66.67
cnuimh	k删藸瑟v什	kn藸ev什	2	66.67	0.5000	50.00
c茅n chaoi a bhfuil t煤	ce藧n什xi藧 蓹w瑟l什 藞t酞藸u藧	ce藧n藸xi藧 藞w瑟l什 t酞藸u藧	3	85.71	0.0909	90.91
gabhaidh	藞伞蓹u	藞伞ohi藧	4	33.33	0.7500	25.00
caithfidh	藞kah蓹	藞k蓱ih蓹	2	66.67	0.4000	60.00
airbheartaigh	藞a删什蓹v什蓹删藸t酞藸i藧	a删什藞v什a删藸t酞藸i藧	3	80.00	0.2500	75.00
loin	l酞藸瑟n什	l酞藸瑟n藸	1	83.33	0.0000	100.00
lenar	藞l虪什蓻n藸蓹删藸	藞l什蓻n藸蓹删藸	1	90.00	0.0000	100.00
tuar ceatha	t酞藸u蓹删藸 藞cah蓹	藞t酞藸u蓹删藸 藞cah蓹	1	92.86	0.0000	100.00
spioraid	藞s藸p什瑟删藸蓹d什	藞s藸p什i删藸蓹d什	1	90.91	0.0000	100.00
bun煤sach	藞b藸蕣n藸u藧s藸蓹x	藞b蕣n酞藸u藧s藸蓹x	2	83.33	0.0000	100.00
-煤int	藢u藧n虪什t什	u藧n虪什t什	1	87.50	0.2500	75.00
gach uile dhuine	藢伞ax 瑟l什蓹 藞桑瑟n什蓹	藢x瑟l什蓹 藞桑瑟n什蓹	3	81.25	0.1818	81.82
bhFrainc	w删藸a刹c	v藸删藸a刹c	2	71.43	0.2000	80.00
t-amhras	t酞藸藞蓹u删藸蓹s藸	藞t酞藸蓹u删藸蓹s藸	2	81.82	0.0000	100.00
an rud a fhaightear go bog caitear go bog 茅	蓹n藸 删藸蕣d酞藸 蓹ajt什蓹删藸 伞蓹b藸蓴伞 kat什蓹删藸 伞蓹b藸蓴伞 藞e藧	蓹n酞藸 删藸蕣d酞藸 蓹 a瑟t什蓹删藸 伞蓹 b藸蓴伞 k蓱t什蓹删藸 伞蓹 b藸蓴伞 e藧	7	85.42	0.0741	92.59
n贸taire	藞n酞藸o藧t酞藸蓹删什蓹	藞n酞藸o藧t蓹删什蓹	2	84.62	0.0000	100.00
mar	m藸蓹删藸	藞m藸蓹删藸	1	83.33	0.0000	100.00
car	ka删藸	kar藸	1	75.00	0.0000	100.00
Baile Me谩nach	藢b藸al什蓹 藞m什蓱藧n藸蓹x	藢b藸al什蓹 藞m什蓱藧n酞藸蓹x	1	94.44	0.0000	100.00
deannach	藞d什an酞藸蓹x	d什an藸蓹x	2	77.78	0.0000	100.00
umhal	藞蓹ul藸	u藧l藸	3	40.00	0.3333	66.67
mar sin	m藸蓹删藸 藞蕛瑟n什	m藸a删藸藞蕛瑟n什	2	81.82	0.1667	83.33
j茅	je藧	d汀蕭e藧	3	40.00	0.7500	25.00
chluich	xl藸蕣x	xl藸瑟莽	2	60.00	0.2500	75.00
maoile	藞m藸i藧l什蓹	m藸i藧l什蓹	1	87.50	0.0000	100.00
ghn铆omha铆ocht	藞jn什i蓹wi蓹xt酞藸	藞桑删藸i藧wi蓹xt酞藸	4	69.23	0.3333	66.67
r谩inig	藞删藸蓱藧n什瑟蔁	藞删藸蓱藧n什瑟c	1	88.89	0.2000	80.00
mosar	藞m藸蓴s藸蓹删藸	藞m蓴s藸蓹删藸	1	88.89	0.0000	100.00
ailm	藞al什蓹m什	藞a.l什蓹m什	1	87.50	0.0000	100.00
long	l酞藸蕣艐	l酞藸蓴艐	1	80.00	0.3333	66.67
fiafheoil	藞f什i蓹o藧l什	藞f什i蓹藢o藧l什	1	90.00	0.1667	83.33
turaire	藞t酞藸蕣删藸蓹删什蓹	t酞藸蕣删藸瑟删什蓹	2	81.82	0.1667	83.33
limis	藞l虪什瑟m什瑟蕛	藞l虪什瑟.m什瑟蕛	1	90.00	0.0000	100.00
punta	藞p藸蕣n酞藸t酞藸蓹	藞p藸蕦n酞藸t酞藸蓹	1	90.91	0.2000	80.00
bainfidh	藞b藸an虪什h蓹	藞b藸瑟n什h蓹	2	77.78	0.2000	80.00
-铆t铆	藢i藧t什i藧	i藧t什i藧	1	85.71	0.2500	75.00
ex	蓻x	蓻ks藸	3	25.00	0.6667	33.33
煤rsc茅al	藞u藧删藸蕛ce藧l藸	藞u藧删藸藢蕛ce藧l藸	1	91.67	0.1429	85.71
suaimhneach	藞s藸u蓹v什n什蓹x	藞s藸i藧m什删什蓹x	4	63.64	0.5714	42.86
-a铆onn	藢i藧o藧n酞藸	i藧蓹n酞藸	3	62.50	0.5000	50.00
bogearra铆	藞b藸瑟蔁蓹删藸i藧	藞b藸o蔁蓹删藸i藧	1	90.00	0.1667	83.33
bonn谩n	藞b藸蕣n酞藸蓱藧n藸	藞b藸un酞藸蓱藧n藸	1	90.91	0.0000	100.00
comhairle	藞ko藧蓹藧删什l什蓹	藞ku藧删什l什蓹	3	72.73	0.4286	57.14
ar bord	蓻删什藞b藸o藧删藸d酞藸	蓻删什 藞b藸o藧删藸d酞藸	1	92.86	0.0000	100.00
ainseabha铆	藞an虪什蕛蓹ui藧	藞an什蕛蓹wi藧	2	80.00	0.1667	83.33
labhair	藞l酞藸蓹u删什	l酞藸蓹u删什	1	87.50	0.0000	100.00
tabhair	藞t酞藸蓹u删什	藞t酞藸o藧删什	2	75.00	0.5000	50.00
fomh贸rach	藞f藸蓹uo藧删藸蓹x	f藸蓴藞v藸o藧删藸蓹x	5	58.33	0.2857	71.43
Catal贸in	藞kat酞藸蓹l藸o藧n什	藞kat藸蓹l酞藸o藧n什	2	84.62	0.0000	100.00
cearc ghoir	ca删藸k 藞桑蓻删什	藞ca删藸k 藞桑瑟删什	2	83.33	0.1429	85.71
-aigh	藢i	i	1	50.00	0.5000	50.00
shleamhnaigh	藞hl什蓹un酞藸蓹	藞hl什茫un酞藸蓹	1	90.00	0.1667	83.33
cos谩n	藞k蓴s藸蓱藧n藸	藞k蓹s藸蓱藧n藸	1	88.89	0.2000	80.00
goidtear	藞伞蓻d什t什蓹删藸	藞伞蔀t什蓹删藸	3	70.00	0.3333	66.67
dtiocf谩	藞d什蕣k蓱藧	藞d什蕣kf藸蓱藧	2	77.78	0.2000	80.00
colm	藞k蓴l藸蓹m藸	藞kol酞藸蓹m藸	2	77.78	0.0000	100.00
mar gheall ar go	m藸蓹删藸 藞jal酞藸 蓻删什 伞蓹	m藸a删藸 jal酞藸 蓻r什 伞蓹	3	84.21	0.1000	90.00
aon duine	i藧n藸 藞d酞藸瑟n什蓹	e藧n酞藸藞d酞藸瑟n什蓹	3	76.92	0.1667	83.33
caomh	ki藧w	ki藧v藸	2	60.00	0.3333	66.67
gainimh	藞伞an什蓹i	藞伞蓱n什蓹v什	3	62.50	0.4000	60.00
thiocf谩	藞h蕣k蓱藧	藞h蕣kf藸蓱藧	2	75.00	0.2000	80.00
-fimid	藢h蓹m什蓹d什	h蓹m什蓹d什	1	87.50	0.1667	83.33
m贸ire	藞m藸o藧删什蓹	藞mo藧删什蓹	1	87.50	0.0000	100.00
caighde谩nach	藞kajd什蓱藧n藸蓹x	藞k蓹id什蓱藧n藸蓹x	2	83.33	0.2500	75.00
-贸imis	藢o藧m什瑟蕛	o藧m什蓹蕛	2	71.43	0.4000	60.00
i bhfolach	蓹藞w蓴l藸蓹x	蓹 藞w蓴l藸蓹x	1	88.89	0.0000	100.00
ar an 谩sc san	蓻删什 蓹n藸 藞蓱藧s藸k 藞s藸蓹n酞藸	蓻删什 蓹n藸 藞蓱藧sk s藸蓹n酞藸	2	90.91	0.0000	100.00
ligthe	藞l虪什瑟c蓹	藞l虪什瑟c瑟	1	85.71	0.2500	75.00
dor煤	藞d酞藸蓴删藸u藧	藞d酞藸a删藸u藧	1	88.89	0.2500	75.00
cairdeach	藞k蓱藧删藸d什蓹x	藞k蓱藧rd什蓹x	2	80.00	0.0000	100.00
d铆sl铆	藞d什i藧蕛l什i藧	藞d什i藧蕛l虪什i藧	1	90.91	0.0000	100.00
R贸imh	藞删藸o藧v什	藞删藸玫藧v什	1	85.71	0.3333	66.67
Deirdre	藞d什蓻藧删藸d什删什蓹	藞d什蓻删藸d什删什蓹	1	91.67	0.0000	100.00
f茅ich	f什e藧	f什e藧莽	1	80.00	0.3333	66.67
bac谩n	藞b藸ak蓱藧n藸	藞b藸uk蓱藧n藸	1	88.89	0.2000	80.00
bhfeadh	v什瑟	v什a	1	66.67	0.5000	50.00
buachaill铆	藞b藸u蓹x蓹l虪什i藧	藞bu蓹x蓹l什i藧	2	83.33	0.0000	100.00
bricf谩sta	藞b什删什瑟k蓱藧s藸t酞藸蓹	藞b什删什瑟cf藸蓱藧s藸t酞藸蓹	3	82.35	0.1111	88.89
aig茅an	藞a蔁e藧n藸	a蔁e藧n藸	1	85.71	0.0000	100.00
l谩ithreach	藞l酞藸蓱藧h删什蓹x	藞l酞藸蓱藧删什蓹x	1	90.91	0.1667	83.33
d贸l谩mhach	藞d酞藸o藧l藸蓱藧w蓹x	藞d酞藸o藧藢l酞藸蓱藧w蓹x	2	86.67	0.1250	87.50
d'铆osfa铆	藞d什i藧s藸f藸i藧	藞d什i藧s藸f什i藧	1	90.91	0.0000	100.00
greise	藞蔁删什蓻蕛蓹	蔁删什蓻蕛蓹	1	85.71	0.0000	100.00
luaidhe	藞l酞藸u蓹j蓹	藞l酞藸u藧.i藧	4	55.56	0.6000	40.00
in aice le	瑟n什 藞ac瑟 l什蓻	蓹藞n酞藸ac瑟l什蓹	7	41.67	0.2857	71.43
ar n贸s	蓻删什藞n酞藸u藧s藸	蓹删藸藞n酞藸u藧s藸	2	81.82	0.2000	80.00
Ulaidh	藞蕣l藸蓹	藞蕣l藸i藧	2	66.67	0.3333	66.67
-each	藢ax	蓹x	2	33.33	0.6667	33.33
Baile 脕tha Luain	藢b藸al什蓹 蓱藧h蓹 藞l酞藸u蓹n什	藢b什l什蓱藧 藞l酞藸u蓹n什	6	71.43	0.3333	66.67
F贸rsa Cosanta 脕iti煤il	藢f藸o藧删藸s藸蓹 k蓴s藸蓹n酞藸t酞藸蓹 藞蓱藧t什u藧l什	藞f藸o藧删藸s藸蓹 藞k蓴s藸蓹n酞藸t酞藸蓹 藞a藧t什u藧l什	3	91.18	0.1176	88.24
gcodla铆onn	藞伞蓴d酞藸l藸i藧蓹n酞藸	藞伞ol酞藸i藧n酞藸	5	64.29	0.2857	71.43
duan	藞d酞藸u蓹n藸	d酞藸u蓹n藸	1	87.50	0.0000	100.00
cuan	藞ku蓹n酞藸	ku蓹n酞藸	1	85.71	0.0000	100.00
pingin	藞p什瑟刹蓹n什	p什i藧n虪什	5	37.50	0.4000	60.00
claidh	kl藸蓹	kl酞藸蓹i	2	66.67	0.2500	75.00
bunscoil	藞b藸蕣n酞藸s藸k蓹l什	藞b藸蕣n藸藢s藸k蓻l什	3	76.92	0.2500	75.00
-ig铆	藢蓹蔁i藧	蓹蔁i藧	1	80.00	0.2500	75.00
clabhta铆	藞kl藸蓹ut酞藸i藧	藞kl藸aut酞藸i藧	1	90.91	0.1667	83.33
proifisi煤nta	藞p藸删藸蓻f什蓹蕛u藧n酞藸t酞藸蓹	p藸删藸蓴藞f什蓻蕛un酞藸t酞藸蓹	5	73.68	0.2000	80.00
leon	l虪什o藧n藸	l虪什u藧n藸	1	85.71	0.3333	66.67
Raeta-R贸m谩insis	藞删藸e藧t酞藸蓹藢删藸o藧m藸蓱藧n虪什蕛瑟蕛	藞删藸e藧t藸蓹ro藧藢m藸a藧n什蕛瑟蕛	7	70.83	0.2308	76.92
habhann	藞h蓹un酞藸	haun酞藸	2	71.43	0.2500	75.00
chugham	藞xai蓹m藸	xu藧m藸	4	42.86	0.6000	40.00
beirbhiughadh	藞b什蓻删什蓹v什蓹蓹	藞b什蓻删什u藧	5	54.55	0.5714	42.86
deifreach	藞d什蓻f什删什蓹x	藞d什蓻f什蓹删什蓹x	1	90.91	0.1429	85.71
cr铆ochnaigh	藞c删什i蓹x删藸蓹	藞c删什i蓹xn酞藸蓹	2	81.82	0.1429	85.71
daidithe	藞d酞藸ad什蓹h蓹	藞d藸ad什瑟h蓹	2	80.00	0.1667	83.33
badhbh	b藸蓹w	b藸蓹iv藸	3	50.00	0.5000	50.00
d铆thairbheach	藞d什i藧h蓹删什v什蓹x	藞d什i藧藢h忙删什蓹v什蓹x	3	80.00	0.3000	70.00
fad贸	藞f藸ad酞藸o藧	f藸a藞d酞藸o藧	2	77.78	0.0000	100.00
chodlata	藞x蓴d酞藸l藸蓹t酞藸蓹	藞k蓴l酞藸蓹t酞藸蓹	4	69.23	0.2857	71.43
cluich	kl藸蕣x	kl藸瑟莽	2	60.00	0.2500	75.00
clabhchorda	藞kl藸蓹ux蓹藧删藸d酞藸蓹	藞kl藸au藢xo藧删藸d酞藸蓹	3	81.25	0.4000	60.00
clamhs谩n	藞kl藸蓹us藸蓱藧n藸	藞kl藸aus藸蓱藧n藸	1	91.67	0.1429	85.71
-san	藢s藸an藸	s藸蓹n藸	2	66.67	0.5000	50.00
m茅ar coise	m什e藧删藸 藞k蓴蕛蓹	m什e藧删藸 k蓻蕛蓹	2	83.33	0.1429	85.71
贸narbh	藞o藧n藸蓹删藸w	藞o藧n藸蓹删藸v藸	2	80.00	0.2000	80.00
abhna	藞蓹un酞藸蓹	藞o藧n酞藸蓹	2	71.43	0.5000	50.00
-se	藢蕛蓹	蕛蓹	1	66.67	0.3333	66.67
scairt ascaille	s藸ka删藸t什 藞as藸k蓹l虪什蓹	藞s藸ka删藸t什 藞as藸k蓹l虪什蓹	1	95.00	0.0000	100.00
go deo	伞蓹藞d什o藧	伞蓹 藞d什o藧	1	87.50	0.0000	100.00
-ach	藢蓹x	蓹x	1	66.67	0.3333	66.67
harda	藞h蓱藧删藸d酞藸蓹	藞ha藧删藸d酞藸蓹	1	90.00	0.2000	80.00
Inis	藞瑟n虪什瑟蕛	藞瑟n什瑟蕛	1	85.71	0.0000	100.00
bheirtear	藞v什蓻删藸t什蓹删藸	藞v什蓻删什h蓹删藸	3	72.73	0.1667	83.33
mhn谩	v藸n酞藸蓱藧	v藸删藸蓱藧	2	71.43	0.3333	66.67
n-茅ir铆	n虪什藞e藧删什i藧	藞n虪什ai删什i藧	4	60.00	0.4000	60.00
slis	藞蕛l什瑟蕛	藞蕛l虪什瑟蕛	1	85.71	0.0000	100.00
codla铆m	藞k蓴d酞藸l藸蓹m什	藞kol酞藸i藧m什	5	54.55	0.3333	66.67
drom谩n	藞d酞藸删藸蓴m藸蓱藧n藸	藞d酞藸删蕣m藸蓱藧n藸	2	84.62	0.1667	83.33
v贸ta	v藞o藧t酞藸蓹	藞wo藧t酞藸蓹	2	75.00	0.2500	75.00
amad谩na	藞am藸蓹d酞藸蓱藧n藸蓹	藞am蓹d蓱藧n蓹	4	69.23	0.0000	100.00
n-ae	n酞藸藢e藧	n酞藸e藧	1	83.33	0.3333	66.67
p谩铆	藞p藸蓱藧i藧	藞p藸蓱藧.i藧	1	87.50	0.0000	100.00
cealg	藞cal藸蓹伞	藞cal酞藸蓹伞	1	87.50	0.0000	100.00
Bhaile 脕tha Cliath	藢wal什蓹 蓱藧h蓹 藞cl什i蓹	藢v什l什蓱藧 藞cl什i蓹	6	66.67	0.4167	58.33
orm	蓴删藸蓹m藸	蓹删藸m藸	2	66.67	0.5000	50.00
-as	藢蓹s藸	蓹s藸	1	75.00	0.3333	66.67
tiocfaimid	藞t什蕣kf藸蓹m什蓹d什	藞t什蕣k蓹m什蓹d什	2	84.62	0.1250	87.50
-inn	藢蓹n虪什	蓹n虪什	1	80.00	0.3333	66.67
dord茅an	藞d酞藸o藧删藸d什e藧n藸	藞d酞藸o藧删藸d酞藸藢e藧n藸	3	81.25	0.1429	85.71
aiseag	藞忙蕛蓹伞	藞忙蕛蓹k	1	80.00	0.2500	75.00
garin铆on	藞伞a删什蓹n什i藧n藸	藞伞a删什藢瑟n什i藧n藸	2	84.62	0.2500	75.00
sealg	藞蕛al藸蓹伞	藞蕛al酞藸蓹伞	1	87.50	0.0000	100.00
cheird	莽蓻藧删藸d什	莽e删藸d什	2	71.43	0.0000	100.00
anuas	藞an藸u蓹s藸	蓹藞n酞藸u蓹s藸	3	66.67	0.2000	80.00
fh茅in	e藧n什	he藧n什	1	80.00	0.3333	66.67
ceannach谩n	藞can酞藸蓹xa藧n藸	can蓹xa藧n	4	66.67	0.0000	100.00
n-aicm铆	n酞藸藞acm什i藧	藞n酞藸acm什i藧	2	80.00	0.0000	100.00
ionada铆	藞in藸蓹d酞藸i藧	藞i.纱藸蓹.d藸i藧	4	63.64	0.2000	80.00
Risteard	藞删藸瑟藢蕛t什蓹删藸d酞藸	藞删藸瑟蕛藢t什蓱藧删藸d酞藸	4	73.33	0.3750	62.50
cantal	藞kan酞藸t酞藸蓹l酞藸	藞kan藸t藸蓹l酞藸	2	84.62	0.0000	100.00
tarrang	藞t酞藸a删藸蓹艐	藞t酞藸蓱删藸蓹k	2	77.78	0.4000	60.00
sn谩mh	s藸n酞藸蓱藧w	s藸n酞藸蓱藧v藸	2	77.78	0.2500	75.00
caor谩n	藞ki藧删藸蓱藧n藸	藞ki藧删藸an藸	2	80.00	0.2000	80.00
ar leith	蓻删什 藞l虪什蓻h	蓻删什藞l虪什蓻h	1	90.00	0.0000	100.00
dortha	藞d酞藸蓴删藸h蓹	藞d酞藸蕦删藸h蓹	1	88.89	0.2000	80.00
laidhre	藞l酞藸蓱藧j删什蓹	藞l酞藸蓹i删什蓹	3	70.00	0.4000	60.00
Ocsat谩nais	藞蓴ks藸蓹t酞藸a藧n藸蓹蕛	藞蓴ks蓹t藸a藧n藸瑟蕛	3	80.00	0.1111	88.89
fr茅amhshamhaltaigh	藞f什删什e藧v藸h蓹ul酞藸t酞藸i藧	藞f什删什e藧v藸.haw蓹l酞藸t酞藸i藧	4	81.82	0.2727	72.73
Nollaig	藞n酞藸蓴l酞藸瑟c	藞n酞藸ol酞藸蓹c	2	80.00	0.2000	80.00
barrchith	藞b藸a删藸蓹莽蓹	藞b藸蓱藧删藸莽瑟	4	55.56	0.5000	50.00
ainmfhocal	藞an藸蓹m藸蓹k蓹l酞藸	藞an什蓹m什藢蓴k蓹l酞藸	4	71.43	0.2222	77.78
dh茅anfa铆	藞je藧n酞藸f藸i藧	藞ji藧nf藸i藧	3	72.73	0.2000	80.00
Deireadh F贸mhair	藢d什蓻删什瑟 藞f藸o藧w蓹删什	d什e删什蓹 fu藧w蓹删什	6	64.71	0.3000	70.00
贸 dheas	o藧 藞jas藸	o藧藞jas藸	1	87.50	0.0000	100.00
d'茅irigh	藞d什e藧删什蓹	藞d什蓹i删什蓹	2	75.00	0.4000	60.00
in 茅ineacht	瑟n什 藞e藧n什蓹xt酞藸	蓹藞n虪什e藧n什蓹xt酞藸	5	64.29	0.1429	85.71
led	l虪什瑟d什	l什蓻d酞藸	4	33.33	0.3333	66.67
aonghuthach	藞i藧n酞藸桑蓹h蓹x	藞e藧n酞藸藢桑蕣h蓹x	3	75.00	0.3750	62.50
thr谩igh	h删藸蓹	h删藸蓱藧	2	60.00	0.3333	66.67
ded	d什瑟d什	d什蓻d酞藸	3	50.00	0.3333	66.67
bhunt谩iste	藞w蕣n酞藸t酞藸蓱藧蕛t什蓹	藞w藸蕣n酞藸t酞藸蓱藧蕛t什蓹	1	93.75	0.0000	100.00
d煤naim	藞d酞藸u藧n藸蓹m什	藞d酞藸u藧n酞藸蓹m什	1	91.67	0.0000	100.00
-铆onn	藢i藧n酞藸	i藧n酞藸	1	83.33	0.3333	66.67
geimhreadh	藞蔁蓻v什删什蓹	藞蔁iv什删什u藧	3	66.67	0.4000	60.00
gl茅asann	藞蔁l什e藧s藸蓹n酞藸	藞蔁l什e藧s蓹n酞藸	1	91.67	0.0000	100.00
c茅 nach	ce藧藞n酞藸ax	藞ce藧 n酞藸ax	2	80.00	0.0000	100.00
cnoga铆	藞k删藸蓴伞i藧	藞kn藸u伞i藧	2	75.00	0.4000	60.00
feice谩lach	藞f什蓻c蓱藧l藸蓹x	藞f什蓻cal藸ax	3	72.73	0.2857	71.43
tch铆thear	藞t什i藧h蓹删藸	藞t什ih蓹删藸	1	88.89	0.0000	100.00
-im	藢蓹m什	蓹m什	1	75.00	0.3333	66.67
ionsa铆	藞瑟n酞藸s藸i藧	藞蓴n藸s藸i藧	2	77.78	0.2500	75.00
dearmadacha	藞d什a删藸蓹m藸蓹d酞藸蓹x蓹	藞d什a删藸m藸蓹d酞藸蓹x	2	87.50	0.2000	80.00
chomh luath is	x蓹u 藞l酞藸u蓹h s藸	x蓹藞l酞藸u蓹s藸	4	71.43	0.2500	75.00
aonmhac	藞i藧n藸蓹w蓹k	藞e藧n藸藢wak	3	66.67	0.5000	50.00
triail	t什删什i蓹l什	t什删什i藧蓱藧l什	3	70.00	0.2000	80.00
d'oil	d酞藸蓻l什	藞d酞藸蓻l什	1	85.71	0.0000	100.00
茅il铆tear	藞e藧l什i藧t什蓹删藸	藞e藧l什i藧删什	4	66.67	0.3333	66.67
n-achain铆	n酞藸藞ax蓹n什i藧	藞n酞藸ax蓹n什i藧	2	81.82	0.0000	100.00
tuarastail	藞t酞藸u蓹删藸蓹s藸t酞藸蓹l什	藞t酞u蓹删藸蓹s藸t酞蓹l什	2	88.24	0.0000	100.00
Cholm Cille	藢x蓴l藸蓹m藸 藞c瑟l虪什蓹	藢x蓴l藸蓹m藞c瑟l虪什蓹	2	87.50	0.0000	100.00
murarbh	藞m藸蕣删藸蓹删藸w	藞m藸蕣删藸蓹删藸v藸	2	81.82	0.1667	83.33
ainriala铆	藞an虪什删什i蓹l藸i藧	藞an什藢删藸i蓹l藸i藧	3	76.92	0.1250	87.50
贸gfhear	藞o藧藢蔁蓹删藸	藞o藧伞藢a删藸	3	62.50	0.6000	40.00
ardghl贸rach	藞蓱藧删藸d酞藸桑l藸o藧删藸蓹x	藞蓱藧删藸d酞藸藢桑l藸o藧删藸蓹x	1	94.44	0.1000	90.00
caibl茅ara	藞kab什l什e藧删藸蓹	藞kab什蓹l什e藧删藸蓹	1	92.31	0.1250	87.50
Samhna	藞s藸蓹un酞藸蓹	藞s藸蓹蕣n藸蓹	2	77.78	0.0000	100.00
gn铆omh	蔁删什i藧w	蔁删什末藧w	1	83.33	0.2500	75.00
铆ogl煤	藞i藧伞l藸u藧	藞i藧.伞l酞藸u藧	2	80.00	0.0000	100.00
ghn铆m	jn什i藧m什	n虪什i藧m什	2	71.43	0.2500	75.00
铆oca铆ocht	藞i蓹ki蓹xt酞藸	藞i藧ki蓹xt酞藸	1	90.00	0.1429	85.71
iarnbhreac	藞i蓹删藸n虪什v什删什蓹k	藞i蓹删藸n酞藸藢v什删什ak	4	73.33	0.2222	77.78
lasmuigh	藞l酞藸as藸m藸蓹	l酞藸as藸藞m藸蕣	3	70.00	0.2000	80.00
caithir铆n	藞kah蓹删什i藧n什	藞kah蓹藢删什i藧n什	1	91.67	0.1250	87.50
茅ir铆onn	藞e藧删什i藧n酞藸	藞蓹i删什i藧n酞藸	2	80.00	0.4000	60.00
c茅n 谩it	ce藧n什藞蓱藧t什	ce藧藞n酞藸蓱藧t什	3	72.73	0.0000	100.00
茅ir铆m	藞e藧删什i藧m什	藞蓹i删什i藧m什	2	77.78	0.4000	60.00
buanfas	藞b藸u蓹n酞藸h蓹s藸	藞b藸u蓹n藸f藸蓹s藸	3	75.00	0.1429	85.71
adhlaic	藞ail藸瑟c	藞蓹il酞藸蓹c	3	62.50	0.4000	60.00
茅irigh	藞e藧删什蓹	藞ai删什蓹	2	66.67	0.5000	50.00
茅ineacht	藞e藧n什蓹xt酞藸	什e藧n什蓹xt酞藸	1	90.00	0.0000	100.00
l谩 breithe maith agat	l酞藸蓱藧 b什删什蓻h蓹 藞m藸ah u伞蓹d酞藸	l酞藸蓱藧 b什删什蓻h蓹 m藸a 藞a伞蓹t酞藸	5	80.77	0.2143	78.57
hadharca	藞hai蓹删藸k蓹	藞h蓹i蓹删藸k蓹	1	88.89	0.1429	85.71
manglam	藞m藸瑟艐l藸蓹m藸	m藸蓱艐l酞藸蓹m藸	3	70.00	0.1667	83.33
oibreacha	藞蓻b什删什蓹x蓹	藞蓻b什r什蓹x蓹	1	88.89	0.0000	100.00
ar maidin	蓻删什藞m藸ad什蓹n什	蓻删什 藞m藸ad什蓹n什	1	92.31	0.0000	100.00
茅iclips	藞e藧cl什瑟p什蕛	藞e藧cl什瑟p藸s藸	3	72.73	0.0000	100.00
Feabhra	藞f什蓹u删藸蓹	f什au删藸蓹	2	75.00	0.2000	80.00
茅anacha	藞e藧n藸蓹x蓹	藞e藧n酞藸蓹xi藧	3	70.00	0.2000	80.00
茅agr谩bhadh	藞e藧伞删藸蓱藧w蓹	藞e藧k删藸蓱藧v藸	3	70.00	0.5000	50.00
n谩 tr谩cht air	n酞藸蓱藧 t酞藸删藸蓱藧xt酞藸 藞a删什	n酞藸蓱藧 藞t酞藸删藸蓱藧xt酞藸 蓻删什	3	86.36	0.1111	88.89
茅ad贸chasach	藞e藧d酞藸o藧x蓹s藸蓹x	藞e藧d酞藸o藧x藧蓹s藸蓹x	1	93.33	0.1111	88.89
茅ad贸chas	藞e藧d酞藸o藧x蓹s藸	藞e藧d酞藸o藧x藧蓹s藸	1	92.31	0.1429	85.71
茅adtualaing	藞e藧d酞藸t酞藸u蓹l藸蓹艐	藞e藧d酞藸蓴l蓹n	7	53.33	0.3750	62.50
n-aird铆	n酞藸藞蓱藧删藸d什i藧	藞n酞藸a藧删藸d什i藧	3	75.00	0.2000	80.00
in谩r gcoinne	藢瑟n藸蓱藧删藸 藞伞瑟n虪什蓹	蓹n酞藸蓱藧删藸 藞伞瑟n虪什蓹	3	81.25	0.2222	77.78
go raibh maith agaibh	伞蓹删藸av什 藞m藸ah 蓹伞i藧	伞蓹r蓹藞m藸ah蓹伞蓹v什	10	44.44	0.3636	63.64
anois	藞an藸蓹蕛	蓹藞n什i蕛	4	33.33	0.5000	50.00
c贸ngarach	藞ko藧艐蓹删藸蓹x	藞ko藧艐伞蓹删藸蓹x	1	90.91	0.1250	87.50
cr铆ochnaithe	藞c删什i藧x删藸瑟h蓹	藞c删什i藧xn酞藸瑟h瑟	3	76.92	0.2500	75.00
谩n	蓱藧n藸	藞蓱藧n藸	1	80.00	0.0000	100.00
dea-bh茅asach	藞d什a藢v什e藧s藸蓹x	d什a藞v什e藧s藸蓹x	2	84.62	0.1250	87.50
谩itithe	藞蓱藧t什蓹h瑟	藞蓱藧t什瑟h蓹	2	75.00	0.4000	60.00
sagart	藞s藸a伞蓹删藸t酞藸	藞s藸a藧伞蓹删藸t酞藸	1	91.67	0.0000	100.00
谩illeacht	藞蓱藧l虪什蓹xt酞藸	藞蓱藧l什蓹xt	3	72.73	0.0000	100.00
谩ibhirseoir	藞蓱藧v什蓹删藸蕛o藧删什	藞蓱藧删蓵o藧删什	5	61.54	0.4286	57.14
p贸sfadsa	藞p藸o藧s藸蓹d酞藸s藸蓹	藞p藸o藧s藸蓹d酞藸s藸	1	92.86	0.1429	85.71
tsn谩mh	t酞藸n酞藸蓱藧w	t酞藸n酞藸蓱藧v藸	2	80.00	0.2500	75.00
cn谩mha	藞k删藸蓱藧w蓹	k删藸蓱藧w蓹	1	87.50	0.0000	100.00
cloisint	藞kl藸蓴蕛蓹n虪什t什	藞kl酞藸o蕛蓹n什t什	3	75.00	0.0000	100.00
脫 Cathasaigh	o藧 藞kah蓹s藸蓹	藞kah蓹s藸i藧	5	54.55	0.2857	71.43
脫 Broin	o藧 藞b藸删藸瑟n什	o藧藞b藸删藸in什	2	81.82	0.0000	100.00
cluich铆	藞kl藸瑟莽i藧	藞kl藸if什i藧	3	66.67	0.2000	80.00
Sinn F茅in	蕛瑟n虪什 藞f什e藧n什	蕛瑟n什 f什e藧n什	2	84.62	0.0000	100.00
Albain Nua	藢al藸蓹b藸蓹n什 藞n酞藸u蓹	藞al藸蓹b藸蓹 藞n酞藸u蓹	3	82.35	0.2000	80.00
sreang	蕛删什a艐	s藸删藸蓱藧艐	5	28.57	0.2500	75.00
iontas	藞瑟n酞藸t酞藸蓹s藸	藞i藧n酞藸t酞藸蓹s藸	2	83.33	0.0000	100.00
脡adbhard	藞e藧d酞藸w蓹藧删藸d酞藸	藞e藧d酞藸w蓹删藸d酞藸	1	92.86	0.1429	85.71
Fionnabhair	藞f什瑟n酞藸蓹u删什	藞f什瑟n酞藸u藧删什	2	81.82	0.1667	83.33
carraige	藞ka删藸蓹蔁瑟	藞ka藧删藸i蔁蓹	3	66.67	0.3333	66.67
codla铆onn	藞k蓴d酞藸l藸i藧蓹n酞藸	藞kol酞藸i藧n酞藸	5	64.29	0.2857	71.43
Danmhairge	藞d酞藸an藸蓹w蓹删什蔁瑟	藞d酞藸anw蓹删什蓹蔁蓹	4	71.43	0.3333	66.67
rabhamar	藞删藸au蓹m藸蓹删藸	藞删藸aw蓹m藸蓹删藸	1	90.91	0.1429	85.71
at谩im	藞at酞藸蓱藧m什	蓹藞t酞藸蓱藧m什	2	77.78	0.2500	75.00
chuimhnigh	藞x瑟v什n什蓹	藞xi藧n什蓹	3	62.50	0.2000	80.00
go dt铆 gur	伞蓹d什i藧 藞伞蕣删藸	伞蓹 藞d什i藧 伞蓹删藸	4	69.23	0.1429	85.71
dearth谩r	藞d什a删藸h蓱藧删藸	藞d什a删藸ha删藸	2	81.82	0.1667	83.33
y茅	ye藧	je藧	1	66.67	0.5000	50.00
cr煤bchrois	藞k删藸u藧b藸x删藸蓹蕛	藞k删藸u藧b藸藢x删藸蕦蕛	2	85.71	0.2222	77.78
d茅anach	藞d什e藧n藸蓹x	藞d什e藧n酞藸蓹x	1	90.00	0.0000	100.00
v茅	ve藧	v什e藧	1	75.00	0.0000	100.00
v谩sa	v藞蓱藧s藸蓹	藞w蓱藧s藸蓹	2	71.43	0.2500	75.00
v谩c	v蓱藧k	w蓱藧k	1	75.00	0.3333	66.67
mhart	wa删藸t酞藸	wa删藸t藸	1	85.71	0.0000	100.00
b贸铆n D茅	b什jo藧n什 藞d什e藧	藞b藸o藧i藧n什 藞d什e藧	5	66.67	0.3333	66.67
shnua	hn酞藸u蓹	hn酞藸u藧	1	83.33	0.2500	75.00
umhl煤	藞蓹ul藸u藧	藞u藧l藸u藧	2	71.43	0.2500	75.00
laistiar	藞l酞藸a蕛t什i蓹删藸	l酞藸a蕛藞t什i蓹删藸	2	83.33	0.0000	100.00
Luimneach	藞l酞藸瑟m什n什蓹x	藞l酞藸瑟m什蓹n什蓹x	1	91.67	0.1429	85.71
hAlbain	藞hal藸蓹b藸蓹n什	藞hal蓹b藸蓹n什	1	90.91	0.0000	100.00
bainis	藞b藸an什瑟蕛	藞ban什蓹蕛	2	75.00	0.2000	80.00
anch煤inse	藞an藸蓹xu藧n虪什蕛蓹	藞an藸xu藧n虪什蕛蓹	1	92.31	0.1250	87.50
ceolchoirm	藞co藧l藸蓹藢x蓹删什m什	藞co藧l藸藢x蔀删什蓹m什	3	78.57	0.3333	66.67
Aoine an Ch茅asta	藢i藧n什蓹 蓹n藸 藞莽e藧s藸t酞藸蓹	藢i藧n什蓹 藞莽e藧s藸t酞藸蓹	4	80.95	0.1818	81.82
脕ir茅ilias	藞蓱藧删什e藧l什i蓹s藸	藞蓱藧r什e藧l什i蓹s藸	1	92.31	0.0000	100.00
fhi谩in	i蓱藧n什	藞i藧蓱藧n什	2	71.43	0.0000	100.00
is fuath le	s藸 藞f藸u蓹h l什蓻	s藸f藸u蓹 l什蓹	4	69.23	0.2857	71.43
uileag	藞瑟l什蓹伞	蓹藞l什蔀伞	3	50.00	0.5000	50.00
sna	s藸n酞藸a	s藸n藸蓹	2	66.67	0.3333	66.67
uathlatha铆	藞u蓹hl藸蓹hi藧	藞u蓹l藸蓹hi藧	1	90.00	0.1429	85.71
ceaptha	藞cap藸蓹	藞cap藸i藧	2	71.43	0.2500	75.00
c茅rbh	ce藧删什v什	ce藧删藸v藸	2	71.43	0.0000	100.00
bearna mh铆l	藢b什蓱藧删藸n酞藸蓹 藞v什i藧l什	藞b什a藧删藸n酞藸蓹 藞v什i藧l什	2	89.47	0.2222	77.78
foighid	藞f藸蓻j蓹d什	f藸aid什	4	50.00	0.6000	40.00
uaisle	藞u蓹蕛l什蓹	藞u蓹蕛l虪什蓹	1	87.50	0.0000	100.00
airsean	藞a删藸蕛蓹n藸	藞蓻删什蕛蓹n藸	2	75.00	0.2000	80.00
uair an chloig	藢u蓹删什 蓹n藸 藞xl藸瑟蔁	u蓹删什 蓹 xl藸蓻蔁	5	68.75	0.3000	70.00
scad谩n	藞s藸kad酞藸蓱藧n藸	藞s藸k蕣d酞藸蓱藧n藸	1	91.67	0.1667	83.33
uaimh	藞u蓹v什	u蓹v什	1	80.00	0.0000	100.00
c茅n f谩th	ce藧n什藞f藸蓱藧	ce藧n藸 藞f藸蓱藧	2	81.82	0.0000	100.00
gn铆omha铆	藞蔁删什i藧wi藧	藞伞n什i藧wi藧	2	77.78	0.2000	80.00
uaf谩sach	藞u蓹f藸蓱藧s藸蓹x	藞u藧h蓱藧s藸蓹x	3	72.73	0.2857	71.43
in 茅ind铆 le	瑟n什 藞e藧n虪什d什i藧 l什蓻	蓹 藞n虪什e藧n虪什d什i藧 l什蓹	7	63.16	0.2500	75.00
uaf谩s	藞u蓹f藸蓱藧s藸	藞u藧h蓱藧s藸	3	66.67	0.4000	60.00
sr茅in	蕛删什e藧n什	s藸删藸e藧n什	3	62.50	0.0000	100.00
cnuimhe	藞k删藸瑟v什蓹	藞kn藸ev什蓹	2	75.00	0.4000	60.00
gairmi煤il	藞伞a删什蓹m什u藧l什	伞a删什m什u藧l什	2	83.33	0.1429	85.71
Luan C谩sca	藢l酞藸u蓹n藸 藞k蓱藧s藸k蓹	藢l酞藸u蓹n酞藸 藞k蓱藧s藸k蓹	1	94.44	0.0000	100.00
buain	b藸u蓹n什	藞b藸u蓹n什	1	85.71	0.0000	100.00
t贸ra铆ocht	藞t酞藸o藧删藸i蓹xt酞藸	藞t酞藸o藧删藸i藧蓹xt酞藸	1	93.33	0.0000	100.00
-finn	藢h蓹n虪什	h蓹n虪什	1	83.33	0.2500	75.00
bheas	v什as藸	v什蓻s藸	1	80.00	0.3333	66.67
bas煤n	藞b藸as藸u藧n藸	b藸a藞s藸u藧n藸	2	80.00	0.0000	100.00
t贸in in airde	藢t酞藸o藧n什 瑟n什 藞蓱藧删藸d什蓹	藢t酞藸u藧n什 蓹藞n酞藸蓱藧删藸d什蓹	6	71.43	0.2000	80.00
cainteanna	藞kan虪什t什蓹n酞藸蓹	kan虪什t什蓹n蓹	3	76.92	0.0000	100.00
airgead煤la	藞瑟删什蓹蔁蓹d酞藸u藧l藸蓹	藞a删什瑟蔁蓹d酞藸u藧l藸蓹	2	86.67	0.2222	77.78
l煤thchleasa铆	藞l酞藸u藧h莽l什蓹s藸i藧	藞l酞藸u藧莽l什as藸i藧	2	86.67	0.2500	75.00
ngabha	藞艐蓹u	艐蓱u	2	50.00	0.3333	66.67
Im谩n谩l	藞瑟m藸蓱藧n藸蓱藧l酞藸	瑟藞m藸蓱藧n酞蓱藧l酞藸	3	76.92	0.0000	100.00
baineannach	藞b藸an什蓹n酞藸蓹x	藞b藸an什蓹n藸蓹x	1	91.67	0.0000	100.00
-铆nn	藢i藧n虪什	i藧n虪什	1	83.33	0.3333	66.67
i ng茅ibheann	蓹藞刹e藧v什a藧n酞藸	蓹藞刹e藧v什蓹n酞藸	2	83.33	0.1667	83.33
N谩s	藞n酞藸蓱藧s藸	蓹藞n酞藸蓱藧s藸	1	88.89	0.2500	75.00
t谩laim	藞t酞藸蓱藧l藸瑟m什	t酞藸蓱藧l酞藸瑟m什	2	81.82	0.0000	100.00
tairbh	藞t酞藸a删什蓹v什	藞t酞藸蓱删什蓹v什	1	90.00	0.2000	80.00
t谩inte	藞t酞藸蓱藧n虪什t什蓹	t酞藸蓱藧n虪什t什蓹	1	91.67	0.0000	100.00
l谩 bre谩	l酞藸蓱藧 藞b什删什蓱藧	l酞藸蓱藧 b什删什蓱藧	1	92.31	0.0000	100.00
t谩 br贸n orm	t酞藸蓱藧 藞b藸删藸o藧n藸 蓹删藸蓹m藸	t酞藸蓱藧 藞b藸删藸o藧n藸 蓴删藸蓹m藸	1	95.45	0.1000	90.00
t谩 a fhios ag	t酞藸蓱藧 蓹藞瑟s藸 蓹伞	t酞藸蓱藧s藸 e蔁	6	57.14	0.4286	57.14
araon	藞a删藸i藧n藸	蓹藞删藸e藧n藸	3	62.50	0.5000	50.00
D茅 Sathairn	d什e藧 藞s藸ah蓹藧删藸n什	d什e藧 藞s藸ah蓹删藸n什	1	93.75	0.1111	88.89
tura铆ocht	藞t酞藸蕣删藸i蓹xt酞藸	t酞藸蔀删藸i藧蓹xt酞藸	3	76.92	0.1429	85.71
dealbh	藞d什al藸蓹w	藞d什al藸蓹v藸	2	77.78	0.2000	80.00
giolla	藞蔁瑟l酞藸蓹	藞蔁ul酞藸蓹	1	85.71	0.2500	75.00
turaireacht	藞t酞藸蕣删藸蓹删什蓹xt酞藸	t酞藸蕣删藸瑟删什蓱xt酞藸	3	80.00	0.2500	75.00
stadta	藞s藸t酞藸ad酞藸t酞藸蓹	藞s藸t酞藸at酞藸蓹	3	78.57	0.1667	83.33
saighdi煤ir	藞s藸ajd什u藧删什	藞s藸aid什u藧删什	1	90.91	0.1667	83.33
ndomhan	藞n酞藸蓹un藸	藞n酞藸a蕣.蓹n酞藸	5	54.55	0.4000	60.00
d煤igh	d酞藸u藧	d酞藸u藧j	1	83.33	0.3333	66.67
n-imeanna	n虪什藞瑟m什蓹n酞藸蓹	藞n虪什瑟m什蓹n酞藸蓹	2	83.33	0.0000	100.00
luaidhim	藞l酞藸u蓹j蓹m什	l酞藸u蓹m什	3	70.00	0.3333	66.67
tuillidh	藞t酞藸瑟l虪什蓹	藞t酞藸瑟l虪什i藧	2	80.00	0.2500	75.00
tugann	藞t酞藸蕣伞蓹n酞藸	藞t藸蕣伞蓹n酞藸	1	90.00	0.0000	100.00
gearraim	藞蔁a删藸蓹m什	藞蔁a藧删藸蓹m什	1	88.89	0.0000	100.00
tuairisceoir	藞t酞藸u蓹删什瑟蕛co藧删什	t酞藸u藨蓹删什瑟蕛co藧删什	2	86.67	0.1000	90.00
geansa铆	藞蔁an酞藸s藸i藧	藞蔁an藸s藸i藧	1	90.00	0.0000	100.00
fuiltear	藞f藸瑟l虪什t什蓹删藸	藞f藸瑟l虪什t什蓹删什	1	91.67	0.0000	100.00
adharca	藞ai蓹删藸k蓹	藞蓹i蓹删藸k蓹	1	87.50	0.1667	83.33
imeoidh	藞瑟m什蓹	藞im什o蓹	2	66.67	0.2500	75.00
altar	藞al酞藸t酞藸蓹删藸	藞al酞藸.t酞藸蓹删藸	1	91.67	0.0000	100.00
tsnua	t酞藸n酞藸u蓹	t酞藸删藸农藧	4	50.00	0.7500	25.00
tseanbhean	藞t什an什蓹v什蓹n藸	藞t什an藸藢v什an藸	3	75.00	0.2857	71.43
Ruadh谩n	藞删藸u蓹蓱藧n藸	藞删藸u藧蓱藧n藸	1	88.89	0.2000	80.00
tr铆narbh	藞t什删什i藧n藸蓹删藸w	藞t什删什i藧n藸蓹删藸v藸	2	85.71	0.1429	85.71
naomh	n酞藸i藧w	n酞藸i藧v藸	2	71.43	0.3333	66.67
Ab煤ise	藞ab藸u藧蕛蓹	a藞b藸u藧蕛蓹	2	75.00	0.0000	100.00
tr铆na	t什删什i藧n藸蓹	藞t什删什i藧n藸蓹	1	90.00	0.0000	100.00
Malaeis	藞m藸al藸e藧蕛	藞m藸al藸e藧瑟蕛	1	90.00	0.1667	83.33
tr茅ithe	藞t什删什e藧h蓹	t什删什e藧h蓹	1	88.89	0.0000	100.00
Baile 脕tha Cliath	藢b藸al什蓹 蓱藧h蓹 藞cl什i蓹	藢b什l什蓱藧 藞cl什i蓹	6	68.42	0.3333	66.67
soicind	藞s藸蓻c瑟n虪什d什	藞s藸蓻c蓹n什d什	2	81.82	0.1667	83.33
Aodhag谩n	藞i藧蓹伞蓱藧n藸	藞i藧伞蓱藧n藸	1	88.89	0.2000	80.00
tr谩th煤il	藞t酞藸删藸蓱藧hu藧l什	藞t藸删藸蓱藧.hu藧l什	2	84.62	0.0000	100.00
tr谩thn贸na	藞t酞藸删藸蓱藧hn酞藸o藧n藸蓹	t酞藸删藸蓹藞hn藸u藧n藸蓹	5	70.59	0.2500	75.00
tr谩thchl谩r	藞t酞藸删藸蓱藧hxl藸蓱藧删藸	藞t酞藸删藸蓱藧藢xl酞藸蓱藧删藸	2	88.24	0.1250	87.50
tr谩thanna	藞t酞藸删藸蓱藧h蓹n酞藸蓹	藞t酞藸删藸蓱藧n酞藸蓹	2	85.71	0.2857	71.43
doirtear	藞d酞藸蓴删藸t什蓹删藸	藞d酞藸扫虨删藸t什蓹删藸	2	84.62	0.2857	71.43
c谩rbh	k蓱藧删藸w	ka藧删藸v藸	3	57.14	0.5000	50.00
cunlach	藞k蕣n酞藸l藸蓹x	藞ku藧n酞藸l酞藸蓹x	3	75.00	0.0000	100.00
bhfreastala铆	藞v什删什as藸t酞藸蓹l藸i藧	藞f什删什as藸t酞藸蓹l藸i藧	1	93.75	0.1250	87.50
athfh谩s	藞ah蓱藧s藸	藞a藢h蓱藧s藸	1	87.50	0.2000	80.00
go raibh maith agat	伞蓹删藸av什 藞m藸ah u伞蓹d酞藸	伞蓹删藸蓹藞m藸ah蓹伞蓹t酞藸	7	65.00	0.3333	66.67
le do thoil	l什蓻 伞蓹 藞h蓻l什	l什蓻d酞藸蓹藞h蓴l什	5	58.33	0.2857	71.43
ceilg	藞c蓻l什蓹c	藞c蓻l什瑟蔁	2	71.43	0.4000	60.00
tromb贸n	藞t酞藸删藸蓴m藸蓹b藸o藧n藸	藞t酞藸删藸蓴m藸b藸o藧n藸	1	93.75	0.1250	87.50
-mid	藢m什蓹d什	m什蓹d什	1	83.33	0.2500	75.00
d铆ch茅ill铆	藞d什i藧莽e藧l虪什i藧	藞d什i藧藢莽e藧l虪什i藧	1	92.86	0.1429	85.71
ficheall	藞f什瑟莽蓹l酞藸	藞f什瑟h蓹l酞藸	1	88.89	0.2000	80.00
triom煤	藞t什删什蕣m藸u藧	藞t什删什um藸u藧	1	90.00	0.0000	100.00
triomach	藞t什删什蕣m藸蓹x	藞t什删什瑟m蓹x	2	80.00	0.1667	83.33
Meicsiceo	藞m什蓻c蕛瑟co藧	藞m什蓻c.蕛瑟.co藧	2	83.33	0.0000	100.00
d茅anamh	藞d什e藧n藸蓹u	藞d什a藧n藸u藧	3	66.67	0.4000	60.00
-铆d铆s	藢i藧d什i藧蕛	i藧d什i藧蕛	1	87.50	0.2000	80.00
n铆limid	藞n虪什i藧l什蓹m什蓹d什	藞n什i藧l什瑟m什i藧d什	4	71.43	0.2857	71.43
treascair	藞t什删什as藸k蓹删什	藞t什r什as藸k蓹删什	1	91.67	0.0000	100.00
pill铆n	藞p什瑟l什i藧n什	藞pili藧n	4	60.00	0.0000	100.00
d茅anann	藞d什e藧n藸蓹n酞藸	藞d什a藧n藸蓹n酞藸	1	90.91	0.2000	80.00
seilg	藞蕛蓻l什蓹c	藞蕛蓻l什瑟蔁	2	71.43	0.4000	60.00
teilg	藞t什蓻l什蓹c	藞t什蓻l什瑟蔁	2	75.00	0.4000	60.00
cr铆ochna铆m	藞c删什i蓹x删藸蓹m什	藞c删什i蓹xn酞藸i藧m什	4	71.43	0.2500	75.00
Garda S铆och谩na	藢伞蓱藧删藸d酞藸蓹 藞蕛i藧x蓱藧n藸蓹	藞伞蓱藧删藸d酞藸蓹 藞蕛i藧x蓱藧n藸蓹	1	95.24	0.0833	91.67
Dhaid铆 na Nollag	藢桑ad什i藧 n酞藸蓹 藞n酞藸o藧l酞藸蓹伞	藢桑ad什i藧 n酞藸蓹 藞n藸蓴l酞藸蓹伞	3	87.50	0.0000	100.00
chu谩n	藞xu蓱藧n藸	藞xu藧.蓱藧n藸	2	77.78	0.0000	100.00
c谩il铆ocht	藞k蓱藧l什i蓹xt酞藸	藞k藸蓱藧l什i蓹xt藸	2	83.33	0.0000	100.00
sno铆od贸ireacht	藞s藸n酞藸i藧蓹d酞藸o藧删什蓹xt酞藸	藞s藸n酞藸i藧d酞藸o藧删什蓹xt酞藸	1	95.24	0.1000	90.00
Mumhain	藞m藸蓹un什	m藸u藧n什	3	57.14	0.2500	75.00
Ri谩n	藞删藸i蓱藧n藸	藞删藸i藧.蓱藧n藸	2	80.00	0.0000	100.00
bhfu谩il	wu蓱藧l什	藞wu藧a藧l什	3	62.50	0.2500	75.00
fiodh	f什iu藧	f什瑟	3	40.00	0.3333	66.67
collach	藞k蓴l酞藸蓹x	藞kol酞藸蓹x	1	87.50	0.0000	100.00
Bhrasa铆l	藞v藸删藸as藸蓹l什	v藸删藸a藞s藸i藧l什	4	66.67	0.1667	83.33
-fid铆s	藢f什瑟d什i藧蕛	h蓹d什i藧蕛	4	55.56	0.5000	50.00
facabhair	藞f藸ak蓹u删什	藞f藸ak蓹w蓹删藸	3	70.00	0.2857	71.43
feadha	藞f什蓹i蓹	f什蓱藧	4	33.33	0.7500	25.00
toighe	藞t酞藸蓻j蓹	t酞藸i蓹	3	57.14	0.5000	50.00
toghadh	藞t酞藸ai蓹	藞t酞藸蓹u.蓹	3	62.50	0.5000	50.00
anglais	藞瑟艐l藸蓹蕛	藞a艐伞l藸蓹蕛	2	75.00	0.3333	66.67
tobac	藞t酞藸蓴b藸蓹k	t酞藸蓹藞b藸ak	4	55.56	0.4000	60.00
tana铆ocha	藞t酞藸an藸i藧蓹x蓹	藞t酞藸an藸i藧x蓹	1	91.67	0.1429	85.71
at谩imid	藞at酞藸蓱藧m什蓹d什	蓹藞t酞藸蓱藧m什蓹d什	2	83.33	0.1667	83.33
acmhainneach	藞akw蓹n虪什蓹x	藞aku藧n虪什蓹x	2	80.00	0.2857	71.43
tiuf-teaf	藞t什瑟f什藢t什蓹f藸	藞t什uf藸藢t什af藸	3	75.00	0.2857	71.43
colla铆ocht	藞k蓴l酞藸i蓹xt酞藸	藞k蓴l酞藸i蓹xt	2	83.33	0.0000	100.00
iontach	藞瑟n酞藸t酞藸蓹x	藞i蓹n酞藸t酞藸蓹x	2	81.82	0.1667	83.33
seo caite	藞蕛蓴 藞kat什蓹	蕛蓴 藞kat什蓹	1	90.00	0.0000	100.00
troscadh	藞t酞藸删藸蓴s藸k蓹	藞t酞藸删藸os藸ku藧	3	75.00	0.1667	83.33
beathaisn茅is铆	藞b什ah蓹蕛n什e藧蕛i藧	藞b什ah蓱蕛n什e藧蕛i藧	1	92.86	0.1111	88.89
scann谩n	藞s藸kan酞藸a藧n藸	s藸k蓹藞n酞藸a藧n酞藸	4	69.23	0.1667	83.33
tionchar	藞t什瑟n酞藸x蓹删藸	藞t什蕣艐x蓹删藸	4	63.64	0.1667	83.33
saghas	藞s藸ai蓹s藸	s藸蓹is藸	3	62.50	0.4000	60.00
tiom谩in	藞t什蕣m藸蓱藧n什	藞t什瑟m藸蓱藧n什	1	90.00	0.2000	80.00
gamhain	藞伞蓹un什	藞伞茫u蓹n什	2	71.43	0.4000	60.00
tiocfair	藞t什蕣kf藸蓹删什	藞t什蕣k蓹删什	2	80.00	0.1667	83.33
beirtear	藞b什蓻删什t什蓹删藸	藞b什蓻删藸t什蓹删什	2	81.82	0.0000	100.00
tiocfaidh 谩r l谩	藢t什蕣k蓹 蓱藧删藸 藞l酞藸蓱藧	藞t什蕣ki a藧删藸 藞l酞藸a藧	4	77.78	0.4444	55.56
timpist铆	藞t什瑟m什p什蓹蕛t什i藧	藞t什瑟m藸p藸蓹蕛t什i藧	2	85.71	0.0000	100.00
Samhain	藞s藸蓹un什	s藸蓹un什	1	85.71	0.0000	100.00
timpiste	藞t什瑟m什p什蓹蕛t什蓹	藞t什瑟m藸p藸蓹蕛t什蓹	2	84.62	0.0000	100.00
luin	l酞藸瑟n什	l酞藸瑟n藸	1	83.33	0.0000	100.00
m谩ithreacha	藞m藸a藧h删什蓹x蓹	藞m藸a藧删什h蓹xi藧	4	66.67	0.4286	57.14
fear sneachta	f什a删藸 藞蕛n什axt酞藸蓹	f什a删藸 藞蕛n虪什axt酞藸蓹	1	94.12	0.0000	100.00
tic茅ad	藞t什瑟ce藧d酞藸	t什瑟ce藧d酞藸	1	90.00	0.0000	100.00
fhianaise	藞i蓹n藸蓹蕛蓹	藞i藧n藸瑟蕛蓹	2	75.00	0.3333	66.67
tibhe	藞t什蓹i蓹	藞t什瑟v什蓹	3	57.14	0.5000	50.00
den	d什瑟n什	d什蓹n藸	2	60.00	0.3333	66.67
f谩idh	f藸蓹	f藸蓱藧j	3	40.00	0.6667	33.33
bhfeirm	v什蓻删什蓹m什	藞v什蓻删什蓹m什	1	88.89	0.0000	100.00
let	l虪什瑟t什	l什蓻t酞藸	4	33.33	0.3333	66.67
sleamhain	藞蕛l什蓹un什	藞蕛l虪什茫uw蓹n什	4	63.64	0.4286	57.14
c煤b	ku藧b藸	ku藧b	1	80.00	0.0000	100.00
br谩ithre	藞b藸删藸蓱藧h删什蓹	藞b藸删藸蓱藧删什蓹	1	90.91	0.1667	83.33
bacach	藞b藸ak蓹x	藞b藸a藧k蓹x	1	87.50	0.0000	100.00
hard	h蓱藧删藸d酞藸	ha藧删藸d酞藸	1	87.50	0.2500	75.00
bhoicht	w蓻莽t什	w蓴xt什	2	60.00	0.2500	75.00
l煤thchleas	藞l酞藸u藧h莽l什蓹s藸	藞l酞藸u藧莽l什as藸	2	84.62	0.2857	71.43
salm	藞s藸al藸蓹m藸	藞s藸al酞藸蓹m藸	1	90.00	0.0000	100.00
thiocfas	藞h蕣k蓹s藸	藞莽uk蓹s藸	2	71.43	0.2000	80.00
cadhnra铆	藞kain酞藸删藸i藧	藞k蓹in藸删藸i藧	2	81.82	0.1667	83.33
脕ine	藞蓱藧n什蓹	藞a藧n什蓹	1	83.33	0.3333	66.67
de B煤rca	d什蓹藞b藸u藧删藸k蓹	d酞藸蓹藞b藸u藧删藸k蓹	2	84.62	0.0000	100.00
thar lear	ha删藸 藞l虪什a删藸	ha删藸藞l虪什a删藸	1	91.67	0.0000	100.00
atuirseach	藞at酞藸蓹删藸蕛蓹x	藞a藢t酞藸蕣删藸蕛蓹x	2	83.33	0.2500	75.00
me谩	m什蓱藧	m什忙h	2	50.00	0.6667	33.33
stoptha	藞s藸t酞藸蓴p藸蓹	s藞藸t酞藸蓴p藸蓹	2	80.00	0.0000	100.00
thairg	藞ha删什蓹c	藞ha删什瑟蔁	2	71.43	0.4000	60.00
oighear	藞蓻j蓹删藸	蓹i删藸	4	33.33	0.7500	25.00
teoiric chinnteoireachta	藢t什o藧删什瑟c 藞莽瑟n虪什t什o藧删什蓹xt酞藸蓹	藢t什o藧删什蓹c 藞莽瑟n虪什t什o藧删什蓹xt酞藸	2	92.86	0.1250	87.50
d铆omhnas	藞d什i藧v藸n酞藸蓹s藸	藞d什i农藧n什蓹s	6	53.85	0.1667	83.33
seanbhean	藞蕛an什蓹v什蓹n藸	藞蕛忙藧n酞藸藢v什忙藧n酞藸	8	46.67	0.2857	71.43
teideal	藞t什蓻d什蓹l藸	藞t什蓻d什蓹l	1	88.89	0.0000	100.00
eitre	藞蓻t什删什蓹	藞蓻t什蓹删什蓹	1	87.50	0.2000	80.00
Cadhla	藞kail藸蓹	藞k蓹i摊l藸蓹	2	75.00	0.3333	66.67
aerga	藞e藧删藸蓹伞蓹	藞e藧删藸伞蓹	1	87.50	0.2000	80.00
teach铆n	藞t什a莽i藧n什	藞t什axi藧n什	1	88.89	0.0000	100.00
贸lfaidh	藞o藧l酞藸h蓹	藞蓴藧l酞藸h蓹	1	87.50	0.0000	100.00
t谩 gr谩 agam ort	t酞藸蓱藧 伞删藸蓱藧 u伞蓹m藸 藞蓹删藸t酞藸	t酞藸蓱藧 藞伞删藸蓱藧 a伞蓹m藸 蓴删藸t酞藸	4	84.00	0.1667	83.33
tasp谩in	藞t酞藸as藸p藸蓱藧n什	t酞蓹藞sp藸蓱藧n什	4	69.23	0.1667	83.33
ins	瑟n虪什蕛	瑟n藸s藸	3	40.00	0.0000	100.00
carb贸nach	藞ka删藸蓹b藸o藧n藸蓹x	藞ka删藸蓹b藸o藧n酞藸蓹x	1	93.33	0.0000	100.00
tarrth谩il	藞t酞藸a删藸h蓱藧l什	藞t酞藸蓱藧删藸h蓱藧l什	2	84.62	0.1667	83.33
-贸imid	藢o藧m什蓹d什	o藧m什蓹d什	1	87.50	0.2000	80.00
f谩na	藞f藸蓱藧n藸蓹	藞f藸蓱藧n酞藸蓹	1	88.89	0.0000	100.00
tarmachan	藞t酞藸a删藸蓹m藸蓹x蓹n藸	藞t酞藸a删蓹m藸蓹x蓹n藸	1	93.33	0.0000	100.00
ar aghaidh	蓻删什藞ai蓹	蓻删什 藞蓹i	3	57.14	0.4000	60.00
dh贸nna	藞桑o藧n酞藸蓹	桑o藧n酞藸蓹	1	87.50	0.0000	100.00
ollbhua	藞蓴l酞藸蓹wu蓹	藞蓴l酞藸藢wu蓹	1	88.89	0.1667	83.33
U铆bh Fhail铆	i藧v什 藞al什i藧	藢i藧v什 藞al什i藧	1	91.67	0.1667	83.33
oidhre	藞蓻j删什蓹	藞ai删什蓹	2	66.67	0.5000	50.00
mhairbh	藞wa删什蓹v什	藞war什蓹v什	1	87.50	0.0000	100.00
c煤ig d茅ag	藢ku藧蔁 d什e藧伞	ku藧蔁 d什e藧伞	1	90.91	0.1429	85.71
colbha	藞k蓴l藸蓹w蓹	藞k蓴l藸蓹v藸	2	75.00	0.3333	66.67
agam	u伞蓹m藸	藞u伞蓹m藸	1	83.33	0.0000	100.00
staighre	藞s藸t酞藸aj删什蓹	藞s藸t酞藸ai删什蓹	1	90.91	0.1667	83.33
tamb贸ir铆n	藞t酞藸am藸蓹b藸o藧删什i藧n什	藞t酞藸am藸b藸o藧删什i藧n什	1	94.44	0.1111	88.89
tairg	藞t酞藸a删什蓹c	藞t酞藸a删什瑟蔁	2	77.78	0.4000	60.00
fhr茅imh	删什e藧v什	r什e藧v什	1	83.33	0.0000	100.00
t谩irg	藞t酞藸蓱藧删什蔁	t酞藸蓱藧删什蔁	1	88.89	0.0000	100.00
taighde	藞t酞藸ajd什蓹	藞t酞藸蓹id什蓹	2	77.78	0.4000	60.00
i dtosach	蓹藞d酞藸蓴s藸蓹x	蓹 藞d酞藸蓴s藸蓹x	1	90.91	0.0000	100.00
hairde	藞h蓱藧删藸d什蓹	藞ha藧删藸d什蓹	1	88.89	0.2000	80.00
tagtar	藞t酞藸akt酞藸蓹删藸	藞t酞藸a伞t酞藸蓹删藸	1	91.67	0.1667	83.33
caighde谩n	藞kajd什蓱藧n藸	藞k蓹id什蓱藧n藸	2	80.00	0.3333	66.67
mar ea	m藸蓹删藸 藞a	m藸a删藸 藞ja	2	77.78	0.4000	60.00
foighneach	藞f藸蓻jn什蓹x	藞f藸蓹in什蓹x	2	77.78	0.3333	66.67
si贸g	藞蕛io藧伞	藞蕛i藧o藧伞	1	85.71	0.0000	100.00
aer贸stach	藞e藧删藸o藧s藸t酞藸蓹x	藞e藧删藸藢o藧s藸t酞藸蓹x	1	93.33	0.1250	87.50
t-茅an	t什藢e藧n藸	t什e藧n藸	1	85.71	0.2500	75.00
cu谩n	藞ku蓱藧n藸	藞ku藧.蓱藧n藸	2	77.78	0.0000	100.00
du谩n	藞d酞藸u蓱藧n藸	藞d酞藸u藧蓱藧n藸	1	90.00	0.0000	100.00
t-茅adach	t什藞e藧d酞藸蓹x	藞t什e藧d酞藸蓹x	2	80.00	0.0000	100.00
t-uisce	t酞藸藞瑟蕛c瑟	藞t酞藸瑟蕛c瑟	2	75.00	0.0000	100.00
anoir	藞an藸蓹删什	蓹藞n酞藸蓻删什	4	50.00	0.5000	50.00
gabha	藞伞蓹u	藞伞蓹u蓹	1	80.00	0.2500	75.00
t-os	t酞藸藢蓴s藸	t酞藸蓴s藸	1	85.71	0.2500	75.00
fu谩la	藞f藸u蓱藧l藸蓹	藞f藸u藧a藧l藸蓹	2	80.00	0.2000	80.00
t-iasc	t什藢i蓹s藸k	t什i蓹s藸k	1	87.50	0.1667	83.33
Vicip茅id	v藞瑟c瑟p什e藧d什	v什瑟c瑟p什e藧d什	1	90.91	0.0000	100.00
t-iarann	t什藞i蓹删藸蓹n酞藸	藞t什i蓹删藸蓹n酞藸	2	81.82	0.0000	100.00
t-eallach	t什藞al酞藸蓹x	藞t什al酞藸蓹x	2	77.78	0.0000	100.00
t-athr煤	t酞藸藞ah删藸u藧	藞t酞藸ah删藸u藧	2	80.00	0.0000	100.00
foighne	藞f藸蓻jn什蓹	藞f藸蓹in什蓹	2	75.00	0.4000	60.00
t-ar谩n	t酞藸藞a删藸蓱藧n藸	t酞藸蓹藞删藸蓱藧n藸	2	81.82	0.2000	80.00
Carghais	藞ka删藸蓹蕛	藞ka删藸i藧蕛	2	75.00	0.2000	80.00
seobh	蕛o藧w	蕛蓴w	2	50.00	0.0000	100.00
t-alt	t酞藸藢al酞藸t酞藸	t酞藸al酞藸t酞藸	1	90.91	0.2000	80.00
t-ae	t酞藸藢e藧	t酞藸e藧	1	83.33	0.3333	66.67
d茅in	藞d什e藧n什	d什e藧n什	1	85.71	0.0000	100.00
s煤il ribe	藢s藸u藧l什 藞删什瑟b什蓹	藞s藸u藧l什 藞删藸瑟b什蓹	2	86.67	0.1250	87.50
nimh	n虪什蓹i	n虪什瑟v什	3	50.00	0.6667	33.33
lug	l酞藸蕣伞	l酞藸蕦伞	1	80.00	0.3333	66.67
cam谩n	藞kam藸a藧n藸	ka藞ma藧n	4	55.56	0.0000	100.00
s煤iche	藞s藸u藧莽蓹	藞s藸u藧莽瑟	1	85.71	0.2500	75.00
scar	藞s藸ka删藸	藞ska删藸	1	85.71	0.0000	100.00
gearrcach	藞蔁a删藸k蓹x	藞蔁蓱藧删藸k蓹x	2	77.78	0.1667	83.33
San	s藸蓹n酞藸	s藸an藸	2	66.67	0.3333	66.67
gr贸ite	藞伞删藸o藧t什蓹	藞伞删藸o藧t什i藧	2	80.00	0.2000	80.00
n-itheann	n虪什藞瑟h蓹n酞藸	藞n虪什瑟h蓹n酞藸	2	80.00	0.0000	100.00
cheana	藞莽an藸蓹	藞han藸蓹	1	83.33	0.2500	75.00
tr谩ill	t酞藸删藸蓱藧l虪什	t酞藸删藸蓱藧l什	1	90.00	0.0000	100.00
Victeoiria	v藞瑟ct什o藧删什i蓹	v什瑟c藞t什o藧删什i蓹	2	84.62	0.0000	100.00
s铆och谩in	藞蕛i蓹x蓱藧n什	藞蕛i蓹.x蓱藧n什	1	90.00	0.0000	100.00
c贸ta fearthainne	藢ko藧t酞藸蓹 藞f什a删藸h蓹n虪什蓹	藞ko藧t酞藸蓹 藞f什a删藸h蓹n什蓹	2	90.48	0.0833	91.67
s茅anas	藞蕛e藧n藸蓹s藸	藞蕛e藧n酞藸蓹s藸	1	90.00	0.0000	100.00
Laoghaire	藞l酞藸i藧蓹删什蓹	藞l酞藸i藧删什蓹	1	90.00	0.2000	80.00
'sp谩in	s藸p藸蓱藧n什	sp藸蓱藧n什	1	87.50	0.0000	100.00
Chiribeas	藞莽瑟删什蓹b什蓹s藸	藞x瑟删什蓹藢bas	5	54.55	0.2500	75.00
ma铆te	藞m藸at什蓹	藞m藸i藧t什蓹	2	75.00	0.2500	75.00
nighe	藞n虪什蓹i蓹	n虪什i藧	3	57.14	0.5000	50.00
cuirtear	藞k蕣删藸t什蓹删藸	藞k瑟删藸t什蓹删藸	1	90.00	0.1667	83.33
Dubhghus	藞d酞藸蓹u桑蓹s藸	藞d酞藸u藧桑us藸	3	70.00	0.3333	66.67
capaill	藞kap藸蓹l虪什	藞kap藸蓹l酞什	1	88.89	0.0000	100.00
deochanna	藞d什o藧x蓹n酞藸蓹	藞d什蓴x蓹n酞藸蓹	2	81.82	0.0000	100.00
suarach	藞s藸u蓹删藸蓹x	藞s藸u藨蓹删藸蓹x	1	90.00	0.1429	85.71
suaimhneas	藞s藸u蓹v什n什蓹s藸	藞s藸i藧m什n什蓹s藸	3	75.00	0.4286	57.14
amh谩in	藞蓹u蓱藧n什	蓹藞w蓱藧n什	3	57.14	0.2500	75.00
Daid铆 na Nollag	藢d酞藸ad什i藧 n酞藸蓹 藞n酞藸o藧l酞藸蓹伞	藢d酞藸ad什i藧 n酞藸蓹 藞n藸蓴l酞藸蓹伞	3	88.46	0.0000	100.00
chualabhair	藞xu蓹l藸蓹u删什	藞xu蓹l藸蓹w蓹删什	2	81.82	0.2500	75.00
bolg	b藸蓴l藸蓹伞	藞b藸蓴l藸蓹伞	1	87.50	0.0000	100.00
bogaigh	藞b藸蓴伞i藧	藞b蓴伞i藧	1	85.71	0.0000	100.00
os coinne	蓹s藸 藞k瑟n虪什蓹	蓹s藸藞k瑟n虪什蓹	1	90.91	0.0000	100.00
colg	藞k蓴l藸蓹伞	藞kol藸蓹伞	1	85.71	0.0000	100.00
cumannachas	藞k蕣m藸蓹n酞藸蓹x蓹s藸	藞k蕣m藸蓹n酞藸蓹x蓹s	1	92.86	0.0000	100.00
strains茅ir	藞s藸t酞藸删藸an虪什蕛e藧删什	藞s藸t酞藸删藸an虪什蕛e藧删藸蓹	2	88.89	0.1111	88.89
stotha	藞s藸t酞藸蓴h蓹	藞st酞藸蓴h蓹	1	88.89	0.0000	100.00
cha	xa	ha	1	50.00	0.5000	50.00
f铆ora铆ocht	藞f什i蓹删藸i蓹xt酞藸	藞f什i藧删藸i蓹xt酞藸	1	92.31	0.1250	87.50
oifig	藞蓻f什瑟蔁	藞蓻f什瑟c	1	83.33	0.2500	75.00
damna铆m	藞d酞藸am藸n酞藸蓹m什	藞d酞藸am藸n酞藸i藧m什	2	85.71	0.1667	83.33
comh	ko藧	k蓴	2	33.33	0.0000	100.00
sti煤ideo	藞蕛t什u藧d什o藧	藞蕛t什u藧d什io藧	1	90.91	0.1667	83.33
茅ileamh	藞e藧l什蓹u	藞e藧l什u藧	2	71.43	0.2500	75.00
Cireabait铆	藞c瑟删什蓹b藸蓹t什i藧	藞k瑟删什蓹藢bati藧	5	61.54	0.2222	77.78
tulach	藞t酞藸蕣l藸蓹x	藞t酞藸ol酞藸蓹x	2	80.00	0.2000	80.00
uachtar谩n	藞u蓹xt酞藸蓹删藸蓱藧n藸	u蓹xt酞藸蓹删藸蓱藧n藸	1	92.86	0.0000	100.00
sr谩ide	藞s藸删藸蓱藧d什蓹	s藸删藸a藧d什蓹	2	80.00	0.2000	80.00
oinni煤n	藞瑟n虪什u藧n藸	藞in虪什u藧n藸	1	88.89	0.0000	100.00
fulaing	藞f藸蕣l藸蓹艐	藞f藸蕣l藸蓹n虪什	3	70.00	0.0000	100.00
caomhn煤	藞ki藧v藸n酞藸u藧	藞k藸i藧n藸u藧	4	63.64	0.2000	80.00
spreagtha	藞s藸p什删什ak蓹	藞s藸p什r什ak蓹	1	90.00	0.0000	100.00
amach	藞am藸蓹x	蓹藞m藸ax	3	50.00	0.5000	50.00
splanc	s藸p藸l藸a艐k	s藸p藸l酞藸a藧艐k	2	81.82	0.0000	100.00
spiorad	藞s藸p什瑟删藸蓹d酞藸	藞s藸p什i删藸蓹d什	3	75.00	0.0000	100.00
ghn铆omh	jn什i藧v什	j删什i藧v藸	2	71.43	0.2500	75.00
spealas	藞s藸p什al藸蓹s藸	藞s藸p什al藸蓹s	1	90.91	0.0000	100.00
Fionlainnise	藞f什瑟n酞藸l藸蓹n虪什蓹蕛蓹	藞f什瑟n酞藸l酞藸蓹n虪什瑟蕛蓹	2	88.24	0.1111	88.89
ghn贸	桑n酞藸o藧	桑删藸o藧	2	66.67	0.3333	66.67
Alban	藞al藸蓹b藸蓹n藸	藞al蓹b藸蓹n藸	1	90.00	0.0000	100.00
dronuilleog	藞d酞藸删藸蓴n藸蓹l虪什o藧伞	藞d酞藸删蓴n藸藢瑟l虪什o藧伞	3	81.25	0.2222	77.78
sothuigthe	藞s藸蓴h蓹c蓹	藞s藸蓴藢h瑟c瑟	3	66.67	0.4286	57.14
banana	藞b藸an藸蓹n藸蓹	b藸蓹藞n酞藸an酞藸蓹	6	50.00	0.3333	66.67
soitheach	藞s藸蓻h蓹x	藞s藸e莽蓹x	2	71.43	0.2000	80.00
fathach	藞f藸ah蓹x	藞f藸ax	2	71.43	0.4000	60.00
soilse	藞s藸蓻l虪什蕛蓹	藞s藸蓹il虪什蕛蓹	2	80.00	0.3333	66.67
inneall d贸ite谩in	藢瑟n虪什蓹l酞藸 藞d酞藸o藧t什蓱藧n什	藞瑟n虪什蓹l酞藸 藞d酞藸o藧t什蓱藧n什	1	95.45	0.1000	90.00
muinchille	藞m藸瑟n什蓹莽蓹l虪什蓹	藞m藸瑟n什蓹l虪什蓹	2	84.62	0.2500	75.00
VEID	v蓻d什	v什蓻d什	1	80.00	0.0000	100.00
cad chuige	kad酞藸 藞x蓹蔁瑟	k蓹藞t酞藸i蔁蓹	8	27.27	0.7143	28.57
in aghaidh	瑟n什 藞ai蓹	蓹藞n酞藸蓹i	7	12.50	0.6000	40.00
snagcheol	藞s藸n酞藸a蔁莽o藧l藸	藞s藸n酞藸a伞藢莽o藧l藸	2	85.71	0.1250	87.50
oirthear	藞蓻删什h蓹删藸	藞e删什h蓹删藸	1	87.50	0.0000	100.00
acmhainn	藞akw蓹n虪什	藞aku藧n虪什	2	75.00	0.4000	60.00
uigneacha	藞瑟蔁n虪什蓹x蓹	藞瑟蔁n虪什ax蓹	1	88.89	0.1667	83.33
sl茅ibh	蕛l什e藧v什	蕛l虪什e藧v什	1	87.50	0.0000	100.00
smiolgad谩n	藞s藸m什瑟l酞藸伞蓹d酞藸蓱藧n酞藸	藞s藸m什瑟l酞藸蓹伞蓹d酞藸蓱藧n酞藸	1	95.00	0.1000	90.00
R煤isis	藞删藸u藧蕛瑟蕛	藞删藸u藧蕛蓹蕛	1	87.50	0.2000	80.00
sl铆oc	蕛l什i藧k	蕛l虪什i藧k	1	85.71	0.0000	100.00
ab煤	藞ab藸u藧	蓹藞b藸u藧	2	66.67	0.3333	66.67
sl铆bh铆n	藞蕛l什i藧v什i藧n什	藞蕛l虪什i藧v什i藧n什	1	92.31	0.0000	100.00
sl铆	藞蕛l什i藧	藞蕛l虪什i藧	1	85.71	0.0000	100.00
sl茅ibhte	藞蕛l什e藧v什t什蓹	藞蕛l虪什e藧f什t什蓹	2	83.33	0.1667	83.33
abhainn	藞蓹un虪什	蓹un虪什	1	83.33	0.0000	100.00
Parthal谩n	藞p藸a删藸h蓹l藸蓱藧n藸	藞p藸蓱删藸h蓹l藸蓱藧n藸	1	92.86	0.1250	87.50
sl谩n a bheas t煤	s藸l酞藸蓱藧n藸 蓹v什as藸 藞t酞藸u藧	藞s藸l酞藸蓱藧n酞藸 蓹 藞v什蓻s藸 t酞藸u藧	6	76.92	0.1000	90.00
-铆os	藢i藧s藸	i藧s藸	1	80.00	0.3333	66.67
eascracha	藞as藸k删藸蓹x蓹	藞askr蓹x蓹	3	70.00	0.0000	100.00
slisne	藞蕛l什瑟蕛n虪什蓹	藞蕛l虪什瑟蕛n虪什蓹	1	90.91	0.0000	100.00
sliog谩n	藞蕛l什瑟伞蓱藧n藸	藞蕛l虪什i蔁a藧n藸	4	63.64	0.1667	83.33
slige谩n	藞蕛l什瑟蔁蓱藧n藸	藞蕛l虪什i蔁a藧n藸	3	72.73	0.1667	83.33
slige	藞蕛l什瑟蔁瑟	藞蕛l虪什瑟蔁瑟	1	87.50	0.0000	100.00
sle谩	藞蕛l什蓱藧	藞蕛l虪什蓱藧	1	85.71	0.0000	100.00
duamair	藞d酞藸u蓹m藸蓹删什	藞d酞藸u蓹m蓹删什	1	90.91	0.0000	100.00
r茅idhle谩n	藞删藸e藧jl什蓱藧n酞藸	藞删藸e藧l什蓱藧n酞藸	1	92.31	0.1667	83.33
abhac谩d	藞蓹uk蓱藧d酞藸	藞av藸蓹k蓱藧d酞藸	4	63.64	0.5000	50.00
-fimis	藢h蓹m什蓹蕛	h蓹m什蓹蕛	1	85.71	0.1667	83.33
siopad贸ireacht	藞蕛瑟p藸蓹d酞藸o藧删什蓹xt酞藸	藞蕛蕣p藸蓹d酞藸o藧删什蓹xt酞藸	1	94.44	0.1000	90.00
Fearghas	藞f什a删藸蓹s藸	藞f什忙藧删藸i藧s藸	4	63.64	0.2000	80.00
sioc	蕛juk	蕛uk	1	75.00	0.2500	75.00
m铆mh煤inte	藞m什i藧wu藧n虪什t什蓹	藞m什i藧藢wu藧n虪什t什蓹	1	93.33	0.1250	87.50
lem	l虪什瑟m什	l什蓻m藸	3	50.00	0.3333	66.67
d茅ana铆	藞d什e藧n藸i藧	藞d什e藧n酞藸i藧	1	90.00	0.0000	100.00
sheol	莽o藧l藸	莽蓴藧l藸	1	80.00	0.0000	100.00
sibhse	藞蕛蓹i蕛蓹	蕛瑟v什蕛蓹	4	33.33	0.4000	60.00
aischuir	藞a藢s藸x瑟删什	藞a蕛藢x瑟r什	4	55.56	0.3333	66.67
-tar	藢t酞藸蓹删藸	t酞藸蓹删藸	1	85.71	0.2500	75.00
dubhach	藞d酞藸蓹ux	藞d酞藸蕣w蓹x	3	62.50	0.6000	40.00
-sa	藢s藸a	s藸蓹	2	50.00	0.6667	33.33
siadsan	藞蕛i蓹d酞藸s藸蓹n藸	藞蕛i蓹d酞藸s蓹n藸	1	91.67	0.0000	100.00
airne谩n	藞蓱藧删藸n虪什蓱藧n藸	藞a藧删藸n虪什a藧n藸	2	83.33	0.4000	60.00
sluaite	藞s藸l酞藸u蓹t什蓹	藞s藸色酞u蓹t什蓹	2	81.82	0.1667	83.33
Sligeach	藞蕛l什瑟蔁蓹x	藞蕛l虪什瑟蔁蓹x	1	88.89	0.0000	100.00
f铆ormhaith	藞f什i藧删藸w蓹	藞f什i藧删什藢w茫i莽	5	58.33	0.5000	50.00
-na	藢n酞藸a	n酞藸蓹	2	60.00	0.6667	33.33
shrathnaigh	藞h删藸ahn酞藸蓹	藞h删藸蕦hn酞藸蓹	1	90.00	0.0000	100.00
shn谩mh	hn酞藸蓱藧w	hn酞藸蓱藧v藸	2	75.00	0.2500	75.00
shl铆	藞hl什i藧	藞hl虪什i藧	1	85.71	0.0000	100.00
adamh	藞ad酞藸u藧	藞蓱d酞藸蓹v藸	4	50.00	0.7500	25.00
shleamhna	藞hl什蓹un酞藸蓹	藞hl什茫un酞藸蓹	1	90.00	0.1667	83.33
Toirdhealbhach	藞t酞藸蓻删什j蓹l酞藸w蓹x	藞t什删什蓻l酞藸ax	7	53.33	0.5556	44.44
shleamhain	藞hl什蓹un什	藞hl什茫uw蓹n什	3	70.00	0.4286	57.14
sic铆n	藞蕛瑟ci藧n什	蕛瑟ci藧n什	1	87.50	0.0000	100.00
macalla	藞m藸ak蓹l酞藸蓹	m藸a藞kal酞藸蓹	3	70.00	0.1667	83.33
sheabhac	藞hau蓹k	hauk	2	66.67	0.2000	80.00
ma铆mh	m藸av什	m藸i藧v什	2	66.67	0.3333	66.67
le f谩il	l什蓻 藞f藸蓱藧l什	l什蓻藞f藸蓱藧l什	1	90.91	0.0000	100.00
-f谩	藢f藸蓱藧	f藸a藧	2	60.00	0.6667	33.33
ar a laghad	蓻删什 蓹藞l酞藸ai蓹d酞藸	藢蓻删什蓹藞l酞藸蓹id酞藸	4	73.33	0.3750	62.50
seod	蕛o藧d酞藸	蕛o藧d酞	1	83.33	0.0000	100.00
aird铆	藞蓱藧删藸d什i藧	藞a藧删藸d什i藧	1	88.89	0.2500	75.00
fadhbanna	藞f藸aib藸蓹n酞藸蓹	藞f藸蓹ib藸蓹n酞藸蓹	1	91.67	0.1429	85.71
coin铆n	藞k瑟n什i藧n什	藞k瑟n什in什	1	88.89	0.0000	100.00
gabhal	藞伞蓹ul藸	藞伞蓱u蓹l藸	2	71.43	0.4000	60.00
piach谩n	藞p什i蓹x蓱藧n藸	藞p什i蓹x藧蓱藧n	2	80.00	0.1429	85.71
seanm贸ir铆	藞蕛an藸蓹m藸o藧删什i藧	藞蕛an藸蓹mo藧删什i藧	1	92.86	0.0000	100.00
seanm贸ir	藞蕛an藸蓹m藸o藧删什	藞蕛an藸蓹m藸蓹删什	2	83.33	0.1429	85.71
seanfhear	藞蕛an什蓹删藸	藞蕛an藸藢a删藸	3	66.67	0.3333	66.67
druideacha	藞d酞藸删藸瑟d什蓹x蓹	d酞藸删藸瑟d什蓹x蓹	1	91.67	0.0000	100.00
seanduine	藞蕛an酞藸d酞藸蓹n什蓹	藞蕛an酞藸in什蓹	4	69.23	0.2857	71.43
go dt铆 go	伞蓹藞d什i藧 伞蓹	伞蓹 藞d什i藧 伞蓹	1	90.91	0.0000	100.00
gabhl贸g	藞伞蓹ul藸o藧伞	藞伞蓱ul藸o藧伞	1	88.89	0.1667	83.33
seandaoine	藞蕛an酞藸d酞藸i藧n什蓹	藞蕛an藢di藧n蓹	5	64.29	0.1250	87.50
seanathair	藞蕛an藸蓹h蓹删什	藞蕛an藸ah蓹删什	1	90.00	0.1429	85.71
for茅igean	藞f藸瑟删什e藧蔁蓹n藸	f藸蓴删藸藞e藧蔁瑟n藸	5	58.33	0.2857	71.43
seanbhan	藞蕛an藸蓹w蓹n藸	藞蕛an藸藢wan藸	2	80.00	0.2857	71.43
-aimid	藢蓹m什瑟d什	蓹m什瑟d什	1	85.71	0.2000	80.00
bogha b谩ist铆	藢b藸ai蓹 藞b藸蓱藧蕛t什i藧	藞b藸au 藞b藸a藧蕛t什i藧	4	76.47	0.4000	60.00
sealbh	藞蕛al藸蓹w	藞蕛al藸蓹v藸	2	75.00	0.2000	80.00
gliocais	藞蔁l什瑟k蓹蕛	藞蔁l蕣k蓹蕛	2	75.00	0.1667	83.33
cuimhneochaidh	藞k瑟v什n什o藧x蓹	藞k扫虄v什n什ax蓹	4	63.64	0.3750	62.50
fu谩il	藞f藸u蓱藧l什	藞f藸u藧蓱藧l什	1	88.89	0.0000	100.00
s铆le谩il	藞蕛i藧l什a藧l什	蕛i藧l什a藧l什	1	90.00	0.0000	100.00
beachlann	藞b什axl藸蓹n酞藸	藞b什axl蓹n酞藸	1	90.91	0.0000	100.00
feidhmeannas	藞f什蓻jm什蓹n酞藸蓹s藸	藞f什蓹im什蓹n酞藸蓹s藸	2	85.71	0.2500	75.00
Sord	s藸蓴删藸d酞藸	s藸au删藸d酞藸	2	77.78	0.4000	60.00
chomh maith	x蓹u 藞m藸a	x蓹 m藸a	2	75.00	0.2000	80.00
scr谩ib	s藸k删藸a藧b什	s藸k删藸a藧b藸	1	88.89	0.0000	100.00
bharr	wa藧删藸	w藸蓱藧删藸	2	66.67	0.3333	66.67
fheadha	藞蓹i蓹	蓱藧	4	0.00	1.0000	0.00
-贸id铆s	藢o藧d什i藧蕛	o藧d什i藧蕛	1	87.50	0.2000	80.00
sceamha铆l	藞蕛c蓹ul什	藞蕛cawi藧l什	4	55.56	0.5000	50.00
trasinscneach	藞t酞藸删藸a蕛蓹n虪什蕛cn什蓹x	t酞藸删藸as藸藞瑟n虪什蕛cn什蓹x	5	73.68	0.0909	90.91
raon	藞删藸i藧n酞藸	藞删藸i藧n藸	1	87.50	0.0000	100.00
scamh贸ga	藞s藸k蓹uo藧伞蓹	藞s藸kawo藧伞i藧	4	63.64	0.4286	57.14
acast贸ir	藞ak蓹s藸t酞藸o藧删什	藞a藢kas藸t酞藸o藧删什	2	85.71	0.2500	75.00
barriall	藞b藸a删藸i蓹l酞藸	藞b藸蓱藧删藸i蓹l酞藸	2	83.33	0.1667	83.33
deoch	d什o藧x	d什ox	1	80.00	0.0000	100.00
scamh贸g	藞s藸k蓹uo藧伞	藞s藸ka藧wo藧伞	3	70.00	0.3333	66.67
scaifte	藞s藸kaf什t什蓹	藞skaf什t什蓹	1	90.00	0.0000	100.00
scafa	藞s藸k蓱f藸蓹	s藸k蓱f藸蓹	1	87.50	0.0000	100.00
sara fada	藢s藸a删藸蓹 藞f藸ad酞藸蓹	藞s藸蓱删藸蓹 藞f藸蓱d酞藸蓹	3	81.25	0.3333	66.67
deargaim	藞d什a删藸蓹伞蓹m什	藞d什a删藸伞蓹m什	1	90.91	0.1429	85.71
muirn铆n	藞m藸i藧删藸n虪什i藧n虪什	藞m藸u藧删藸n虪什i藧n什	2	86.67	0.1667	83.33
clos	kl酞藸蓴s藸	kl酞藸os藸	1	85.71	0.0000	100.00
leora铆s	藞l虪什o藧删藸蓹蕛	l什蓴删藸i藧s藸	8	20.00	0.2000	80.00
saile	藞s藸al什蓹	藞sal什蓹	1	85.71	0.0000	100.00
saighead	藞s藸aj蓹d酞藸	s藸蓹id酞藸	4	55.56	0.6000	40.00
tiom谩int	藞t什蕣m藸蓱藧n虪什t什	藞t什瑟m藸蓱藧n虪什t什	1	92.31	0.1667	83.33
sabhd谩n	藞s藸蓹ud酞藸蓱藧n藸	藞s藸aud酞藸蓱藧n藸	1	91.67	0.1667	83.33
rabhais	藞删藸au蓹蕛	删藸au蕛	2	71.43	0.2000	80.00
rian	藞删藸i蓹n藸	删藸i蓹n藸	1	85.71	0.0000	100.00
sa gcaoi go	s藸蓹 藞伞i藧 伞蓹	s蓹 藞伞i藧 伞蓹	1	90.91	0.0000	100.00
gr煤daire	藞伞删藸u藧d酞藸蓹删什蓹	藞伞删藸u藧d酞蓹删什蓹	1	92.31	0.0000	100.00
Satharn	藞s藸ah蓹藧删藸n酞藸	藞s藸ah蓹删藸n酞藸	1	91.67	0.1429	85.71
cian	藞ci蓹n藸	ci蓹n藸	1	83.33	0.0000	100.00
spr茅igh	s藸p什删什瑟	s藸p什删什e藧j	3	66.67	0.4000	60.00
r贸ghoilli煤nach	藞删藸o藧桑蓹l虪什u藧n藸蓹x	删藸o藧藞桑蓴l虪什u藧n藸蓹x	3	81.25	0.1111	88.89
cair茅ala铆	藞ka删什e藧l藸i藧	k蓹藞删什e藧l酞藸i藧	4	66.67	0.1667	83.33
r铆omhleabhar	藞删藸i藧v什l什蓹u删藸	藞删什i藧w藢l什蓹u删藸	3	76.92	0.2500	75.00
ar谩n	藞a删藸蓱藧n藸	藞删藸蓱藧n藸	1	87.50	0.2500	75.00
salach	藞s藸al藸蓹x	藞s藸a藧l酞藸蓹x	2	80.00	0.0000	100.00
Bav谩ir	b藸av蓱藧删什	藞b藸aw蓱藧删什	2	77.78	0.2000	80.00
ar aon chaoi	蓻删什i藧n藸 藞xi藧	蓻删什 e藧 藞xi藧	4	66.67	0.3333	66.67
ru贸g	藞删藸uo藧伞	藞删藸u藧o藧伞	1	87.50	0.0000	100.00
ru谩n	藞删藸u蓱藧n藸	藞删藸u藧.蓱藧n藸	2	80.00	0.0000	100.00
-贸far	藢oh蓹删藸	o藸h蓹删藸	2	66.67	0.2000	80.00
gn铆omha铆ocht	藞蔁删什i蓹wi蓹xt酞藸	藞伞删藸i藧wi蓹xt酞藸	3	76.92	0.1111	88.89
rugabhair	藞删藸蕣伞蓹u删什	藞删藸蕣伞蓹w蓹删什	2	80.00	0.2857	71.43
-ann	藢蓹n酞藸	蓹n酞藸	1	80.00	0.3333	66.67
rud beag	删藸蕣d酞藸 藞b什a伞	藞删藸蕣d酞藸 藞b什蓴伞	2	84.62	0.1667	83.33
bolscaire	藞b藸蓴l酞藸s藸k蓹删什蓹	藞b藸蓴l酞藸s藸k蓹r什蓹	1	92.86	0.0000	100.00
ruamann na gcoinneal	藢删藸u蓹m藸a藧n酞藸 n酞藸蓹 藞伞瑟n虪什蓹l藸	藞删藸u蓹m藸蓹n酞藸蓹 藞伞瑟n虪什蓹l藸	7	74.07	0.2143	78.57
Uaimh	藞u蓹v什	蓹藞n酞藸u蓹v什	4	55.56	0.4000	60.00
d'fhulaing	藞d酞藸蕣l藸蓹艐	藞d酞藸蕣l藸蓹n虪什	3	72.73	0.0000	100.00
ba	b藸蓹	b藸a藧	2	50.00	0.5000	50.00
roimhe	藞删藸蓻v什蓹	藞删藸iv什蓹	1	85.71	0.2500	75.00
fomhuire谩n	藞f藸蓹u删什蓱藧n藸	藞f蓴w蓹r什蓱藧n藸	4	63.64	0.4286	57.14
dromchla	藞d酞藸删藸蓴m藸蓹xl藸蓹	藞d酞藸删藸蓴m藸xl藸蓹	1	92.86	0.1250	87.50
c茅 gur	ce藧藞伞蕣删藸	藞ce藧伞蓹删藸	3	62.50	0.2000	80.00
aon d茅ag	i藧n藸 d什e藧伞	e藧n虪什 d什e藧伞	3	72.73	0.2000	80.00
roimh	藞删藸瑟v什	删藸瑟v什	1	83.33	0.0000	100.00
ro-	删藸蓴	删藸蓹	1	66.67	0.5000	50.00
cliste	藞cl什瑟蕛t什蓹	藞c什l什瑟蕛t什蓹	1	90.00	0.0000	100.00
eitpheil	藞蓻t什f什蓹l什	藞蓻t什f什蓻l什	1	88.89	0.2000	80.00
rinneadh	藞删藸瑟n虪什蓹	藞删藸瑟n什u藧	3	62.50	0.2500	75.00
bearaigh	藞b什a删藸蓹	藞b什蓻删藸i	2	71.43	0.5000	50.00
rinc	删藸蓹刹c	删藸瑟刹c	1	80.00	0.2500	75.00
righin	藞删藸蓹i蓹n什	删藸蓹in什	2	75.00	0.2000	80.00
riar谩iste	藞删藸i蓹删藸蓱藧蕛t什蓹	藞删藸i藧删藸蓱藧蕛t什蓹	1	92.31	0.1250	87.50
tabhartanas	藞t酞藸蓹u删藸t酞藸蓹n藸蓹s藸	藞t酞藸o藧删藸t酞藸蓹n藸蓹s藸	2	88.24	0.2222	77.78
cine谩lta	藞c瑟n什蓱藧l酞藸t酞藸蓹	藞c瑟n藸蓱藧l酞藸t酞藸蓹	1	92.86	0.0000	100.00
anocht	藞an藸蓹xt酞藸	蓹藞n酞藸蓴xt酞藸	4	60.00	0.4000	60.00
ramhar	藞删藸au蓹删藸	删藸au删藸	2	75.00	0.2000	80.00
ramhair	藞删藸蓹u删什	删藸蓹ur什	2	71.43	0.0000	100.00
c煤 dobhr谩in	ku藧 藞d酞藸蓹u删藸蓱藧n什	ku藧 藞d酞藸o蕣.删a藧n什	5	68.75	0.2500	75.00
radhairc	藞删藸ai蓹删什c	删藸蓹i删什c	3	66.67	0.3333	66.67
rac-cheol	藞删藸ac藢莽o藧l藸	藞删藸ak藢莽o藧l藸	1	90.91	0.0000	100.00
rabharta	藞删藸蓹u删藸t酞藸蓹	藞删藸蓱u删藸t酞藸蓹	1	90.91	0.1667	83.33
rabhadar	藞删藸au蓹d酞藸蓹删藸	藞删藸aw蓹d酞藸蓹删藸	1	91.67	0.1429	85.71
saorst谩t	藞s藸i藧删藸s藸t酞藸蓱藧t酞藸	藞s藸i藧删藸藢s藸t酞藸蓱藧t酞藸	1	94.44	0.1250	87.50
frisn茅iseach	藞f什删什瑟蕛n虪什e藧蕛蓹x	藞f什删什瑟蕛n虪什忙蕛ax	3	80.00	0.2222	77.78
p贸g mo th贸in	p藸o藧伞 藞m藸蓹 藞ho藧n什	p藸o藧伞什 m藸蓹 hu藧n什	4	76.47	0.1250	87.50
os cionn	蓴s藸 藞c瑟o藧n酞藸	o藧s藸藞ci蓹n酞藸	6	50.00	0.1667	83.33
ghn谩th	桑n酞藸蓱藧	桑n藸蓱藧	1	83.33	0.0000	100.00
neosainn	藞n虪什o藧s藸蓹n虪什	藞n什o藧s藸蓹n什	2	83.33	0.0000	100.00
g茅agleabhair	藞蔁e藧蔁l什蓹u删什	藞蔁e藧伞l虪什蓹u删什	2	83.33	0.0000	100.00
Ung谩iris	藞蕣艐蓱藧删什瑟蕛	藞蕣艐藸伞a藧r什瑟蕛	4	63.64	0.2857	71.43
cois铆ocht	藞k蓴蕛i蓹xt酞藸	藞k蓴蕛i蓹xt	2	80.00	0.0000	100.00
sonra铆och	藞s藸蓴n酞藸删藸i藧蓹x	藞s藸蓴n酞藸删藸i蓹x	1	92.31	0.0000	100.00
feidhmi煤il	藞f什蓻jm什u藧l什	藞f什蓹im什u藧l什	2	81.82	0.3333	66.67
d谩r茅ag	藞d酞藸蓱藧删什e藧伞	d酞藸蓱藧藞删藸e藧伞	3	72.73	0.0000	100.00
puint	p藸蓹n什t什	p藸瑟n什t什	1	85.71	0.2500	75.00
i bhfeighil	蓹藞v什蓻j蓹l什	蓹藞v什蓹il什	3	66.67	0.5000	50.00
puimc铆n	藞p藸瑟m什ci藧n什	藞p藸瑟m什ci藧n	1	90.91	0.0000	100.00
me谩nach	藞m什蓱藧n藸蓹x	藞m什蓱藧n酞藸蓹x	1	90.00	0.0000	100.00
aonraic	藞i藧n酞藸删藸瑟c	藞e藧n酞藸删藸瑟c	1	90.00	0.2000	80.00
-imid	藢瑟m什蓹d什	蓹m什瑟d什	3	57.14	0.6000	40.00
buile	藞b藸il什蓹	藞b藸瑟l什蓹	1	85.71	0.0000	100.00
bheireas	藞v什蓻删什蓹s藸	藞v什蓻删什蓹s酞藸	1	90.00	0.0000	100.00
l煤thchleasa	藞l酞藸u藧h莽l什蓹s藸蓹	藞l酞藸u藧莽l什as藸蓹	2	85.71	0.2500	75.00
agat	u伞蓹d酞藸	藞u伞蓹d酞藸	1	85.71	0.0000	100.00
criostal	藞c删什瑟s藸t酞藸蓹l藸	藞k删藸瑟s藸t酞藸蓹l藸	2	84.62	0.0000	100.00
T铆r Bhascach	t什i藧删什 藞was藸k蓹x	t什i藧删什 藞v藸ask蓹x	3	80.00	0.1111	88.89
praghas	藞p藸删藸ai蓹s藸	p删藸蓹is藸	4	60.00	0.3333	66.67
Cab煤l	藞kab藸u藧l藸	ka藞b藸u藧l藸	2	77.78	0.0000	100.00
nimhe	藞n虪什蓹i蓹	藞n虪什iv什蓹	3	62.50	0.5000	50.00
potaisiam	藞p藸蓴t酞藸蓹蕛i蓹m藸	p藸蓴藞t酞藸a蕛i蓹m藸	3	76.92	0.1250	87.50
portach	藞p藸蓴删藸t酞藸蓹x	藞p藸o删藸t酞藸蓹x	1	90.91	0.0000	100.00
barda	藞b藸蓱藧删藸d酞藸蓹	藞b藸蓱藧删藸d藸蓹	1	90.91	0.0000	100.00
polait铆ocht	藞p藸蓴l藸蓹t酞藸i蓹xt酞藸	藞p藸蓴l藸蓹t什i蓹xt酞藸	2	87.50	0.0000	100.00
poibl铆	藞p藸蓻b什l什i藧	藞p藸蓹ib什l什i藧	2	81.82	0.3333	66.67
poblacht	藞p藸蓴b藸l藸蓹xt酞藸	藞p藸蓴b藸laxt酞藸	2	84.62	0.1429	85.71
pobalscoil	藞p藸蓴b藸蓹l酞藸s藸k蓹l什	藞p藸蓴b藸蓹l藸藢s藸k蓻l什	3	81.25	0.2000	80.00
-贸idh	藢o藧	o藧	1	66.67	0.5000	50.00
caidhp bh谩is	k蓱藧jp什 藞w蓱藧蕛	藢kaip什 藞w蓱藧蕛	4	66.67	0.3750	62.50
f茅insp茅is	藞f什e藧n虪什蕛p什e藧蕛	藞f什e藧n什s藸p什e藧蕛	3	78.57	0.0000	100.00
leabharlann	藞l虪什蓹u蓹藧删藸l酞藸蓹n酞藸	藞l虪什蓹u删藸l酞藸蓹n酞藸	2	88.24	0.2222	77.78
slaghd谩n	藞s藸l酞藸aid酞藸蓱藧n藸	藞s藸l酞藸蓹id酞藸蓱藧n藸	1	93.33	0.1429	85.71
oscailte	藞蓴s藸k蓹l什t什蓹	藞蓴s藸k瑟l什t什瑟	2	81.82	0.2857	71.43
cailceanna	藞kal虪什c蓹n酞藸蓹	藞kal什k什蓹n蓹	5	58.33	0.0000	100.00
d谩ir铆re	藞d酞藸蓱藧删什i藧删什蓹	d酞藸蓱藧藞删什i藧删什蓹	2	84.62	0.0000	100.00
pioc贸id	藞p什瑟ko藧d什	藞p什蕣ko藧d什	1	88.89	0.2000	80.00
s谩fach	藞s藸蓱藧f藸蓹x	藞s蓱藧f藸蓹x	1	88.89	0.0000	100.00
pingin铆	藞p什瑟刹蓹n什i藧	藞p什i藧n虪什i藧	4	60.00	0.3333	66.67
cine谩l	藞c瑟n什蓱藧l藸	藞c瑟n藸蓱藧l藸	1	88.89	0.0000	100.00
pingine	藞p什瑟刹蓹n什蓹	p什i藧n虪什蓹	5	44.44	0.3333	66.67
D煤n Dealgan	藢d酞藸u藧n藸 藞d什al藸蓹伞蓹n藸	藢d酞藸u藧n酞藸 藞d什al酞藸蓹伞蓹n酞藸	3	86.96	0.0000	100.00
aisling	藞a蕛l什蓹刹	藞a蕛l虪什蓹n虪什	4	60.00	0.0000	100.00
n铆 m贸ide	n虪什i藧藞m藸o藧d什蓹	n虪什i藧 藞m藸u藧d什蓹	2	85.71	0.1667	83.33
aghaidh	藞ai蓹	ai	2	50.00	0.3333	66.67
pianfaidh	藞p什i蓹n酞藸h蓹	藞p什i蓹nh蓹	2	80.00	0.0000	100.00
cora铆ocht	藞k蓴删藸i蓹xt酞藸	藞k蓱删藸i蓹xt酞藸	1	90.91	0.1429	85.71
am煤	藞am藸u藧	蓹藞m藸u藧	2	66.67	0.3333	66.67
ar煤 am谩rach	藢a删藸u藧 藞am藸蓱藧删藸蓹x	蓹删藸u藧藞m藸蓱藧删藸蓹x	4	76.47	0.3000	70.00
phingin	藞f什瑟刹蓹n什	f什i藧n虪什	5	37.50	0.4000	60.00
id	瑟d什	瑟d酞藸	2	50.00	0.0000	100.00
freastal贸idh	藞f什删什as藸t酞藸蓹l藸o藧	藞f什删什as藸t酞藸蓹l藸o藧j	1	94.12	0.1111	88.89
bh铆mis	藞v什i藧m什瑟蕛	v什i藧m什蓹蕛	2	77.78	0.2000	80.00
I煤r	u藧删藸	蓹n虪什藞t什u藧删藸	7	36.36	0.6000	40.00
te	t什蓻	t什e	1	66.67	0.0000	100.00
focla	藞f藸蓴kl藸蓹	藞f藸蓴kl酞蓹	1	87.50	0.0000	100.00
bhFionlainn	藞v什瑟n酞藸l藸蓹n虪什	藞v什瑟nl藸蓹n虪什	2	84.62	0.0000	100.00
gairm	藞伞a删什蓹m什	藞伞e删什蓹m什	1	87.50	0.2000	80.00
pasfhocal	藞p藸as藸蓹k蓹l藸	藞p藸as藸藢蓴k蓹l藸	2	83.33	0.2500	75.00
briota	藞b什删什瑟t酞藸蓹	藞b什删什扫虨t酞藸蓹	2	81.82	0.3333	66.67
bhaint	wan虪什t什	藞wan虪什t什	1	87.50	0.0000	100.00
paras贸l	藞p藸a删藸蓹s藸o藧l酞藸	藞p藸a.删藸a.s藸o藧l酞藸	3	81.25	0.1429	85.71
crua-ae	藞k删藸u蓹藢e藧	藞k删藸u蓹iju	3	66.67	0.4286	57.14
sealbha	藞蕛al藸蓹w蓹	藞蕛al藸蓹v藸蓹	2	77.78	0.1667	83.33
otharlann	藞蓴h蓹藧删藸l酞藸蓹n酞藸	藞蓴h蓹删藸l酞藸蓹n藸	2	85.71	0.1250	87.50
muc谩r	藞m藸蕣藢k蓱藧删藸	藞m藸蕣k藢蓱藧删藸	2	80.00	0.3333	66.67
ospid茅il	藞瑟蕛p什蓹d什e藧l什	藞蓴sp什蓹d什e藧l什	2	83.33	0.1429	85.71
manta铆l	藞m藸an酞藸t酞藸蓹l什	藞m藸an酞藸t酞藸i藧l什	2	85.71	0.1667	83.33
os comhair	蓹s藸 藞k蓹u删什	蓹s藸藞ku藧删什	3	70.00	0.1667	83.33
or谩ist铆	藞蓴删藸蓱藧蕛t什i藧	藞or蓱藧蕛t什i藧	3	72.73	0.0000	100.00
d煤id铆n	藞d酞藸u藧d什i藧n什	藞d藸u藧d什i藧n什	1	91.67	0.0000	100.00
ollscoil	藞蓴l酞藸s藸k蓹l什	藞蓴l酞藸藢s藸k蓴l什	2	83.33	0.2857	71.43
ollbhas煤n	藞蓴l酞藸蓹w蓹s藸u藧n藸	藞蓴l酞藸wa藢s藸u藧n藸	3	78.57	0.3750	62.50
ins铆onn	藞瑟n虪什蕛i藧n酞藸	藞i藧n什蕛i藧n酞藸	3	72.73	0.0000	100.00
oirnis	藞o藧删藸n虪什瑟蕛	藞蓹u删什n虪什蓹蕛	4	60.00	0.5000	50.00
oilfidh	藞蓻l虪什h蓹	藞蓻l什h蓹	1	85.71	0.0000	100.00
loiteach	藞l酞藸瑟t什蓹x	藞l酞藸蓻t什蓹x	1	88.89	0.2000	80.00
bunaigh	藞b藸蕣n藸i藧	b藸蕣n藸i藧	1	87.50	0.0000	100.00
duibheag谩n	藞d酞藸瑟v什蓹伞蓱藧n酞藸	藞d酞藸iv什蓹伞蓱藧n酞藸	1	92.86	0.0000	100.00
och贸n	藞蓴xo藧n藸	蓴藞xo藧n	3	57.14	0.0000	100.00
Fionnghuala	藞f什瑟n酞藸u蓹l藸蓹	f什瑟n酞藸藞u藧蓹l藸蓹	3	76.92	0.0000	100.00
baladh	藞b藸al藸蓹	藞b藸al藸u藧	2	75.00	0.2500	75.00
l谩ithreach stairi煤il	藢l酞藸蓱藧h删什蓹x 藞s藸t酞藸a删什u藧l什	藢l酞藸蓱藧删什什蓹x 藞s藸t藸a删什u藧l什	3	88.00	0.0769	92.31
bl谩thmhar	藞b藸l藸蓱藧hw蓹删藸	藞b藸l藸蓱藧f藸蓹删藸	2	83.33	0.2857	71.43
c茅 na	藞ce藧 n酞藸蓹	藞ce藧n藸蓹	2	77.78	0.0000	100.00
anrud	藞an酞藸删藸蓹d酞藸	藞an酞藸删藸蕦d酞藸	1	90.91	0.2000	80.00
n铆l a bhu铆ochas ort	n虪什i藧l什 蓹wi蓹x蓹s藸 藞蓹删藸t酞藸	藞n虪什i藧l什 蓹 藞wi蓹x蓹s藸 蓴删藸t酞藸	5	80.77	0.0769	92.31
n铆 ba	n虪什i藧 b藸蓹	藞n虪什i藧b蓹	3	66.67	0.0000	100.00
cib茅	藞c瑟b什e藧	c瑟藞b什e藧	2	71.43	0.0000	100.00
-铆tear	藢i藧t什蓹删藸	i藧t什蓹删藸	1	87.50	0.2000	80.00
Gaedhilge	藞伞e藧j蓹l什蔁瑟	藞伞e藧l什蔁蓹	3	70.00	0.4286	57.14
n谩 tr谩chtaig铆 air	n酞藸蓱藧 t酞藸删藸蓱藧xt酞藸蓹蔁i藧 藞a删什	n酞藸蓱藧 藞t酞藸删藸蓱藧xt酞藸瑟蔁i藧 蓻删什	4	84.62	0.1667	83.33
nua铆ocht	藞n酞藸u蓹i蓹xt酞藸	藞n酞藸u藧i蓹xt酞藸	1	91.67	0.1429	85.71
nuaghinte	藞n酞藸u蓹j蓹n什t什蓹	藞n酞藸蕣蕽瑟n什t什蓹	4	69.23	0.3750	62.50
nuacht谩n	藞n酞藸u蓹xt酞藸a藧n藸	n藸u藨蓹xt酞藸a藧n藸	3	78.57	0.1250	87.50
cladhaire	藞kl藸ai蓹删什蓹	藞kl藸ai删什蓹	1	90.00	0.1429	85.71
m贸rmheanma	藞m藸o藧删什v什蓹n酞藸m藸蓹	藞m藸o藧删藸藢v什an藸m藸蓹	4	75.00	0.2222	77.78
n-os	n酞藸藢蓴s藸	n酞藸蓴s藸	1	85.71	0.2500	75.00
nit铆	藞n虪什瑟t什i藧	藞n什扫虨t什i	4	55.56	0.4000	60.00
mara铆m	藞m藸a删藸蓹m什	藞m藸a删藸i藧m什	2	80.00	0.2000	80.00
-id铆s	藢瑟d什i藧蕛	蓹d什i藧蕛	2	71.43	0.4000	60.00
Sorcha	藞s藸蓴删藸蓹x蓹	藞s蓴删藸蓹x蓹	1	88.89	0.0000	100.00
d铆on as	藞d什i藧n藸 as藸	藞d什i藧n藸 忙s藸	1	90.91	0.0000	100.00
le haghaidh	l什蓻 藞hai蓹	l什蓹i摊	6	33.33	0.6667	33.33
bac谩il	藞b藸忙k蓱藧l什	藞b藸ak忙l什	3	66.67	0.2000	80.00
hAlban	藞hal藸蓹b藸蓹n藸	藞hal蓹b藸蓹n藸	1	90.91	0.0000	100.00
b铆tear	藞b什i藧t什蓹删藸	b什i藧t什蓹删藸	1	90.00	0.0000	100.00
feabhas	藞f什au蓹s藸	f什aus藸	2	75.00	0.2000	80.00
neada	藞n虪什ad酞藸蓹	n虪什ad酞藸蓹	1	88.89	0.0000	100.00
crosta	藞k删藸蓴s藸t酞藸蓹	藞kr藸蓴s酞藸t酞藸蓹	2	83.33	0.0000	100.00
im	瑟m什	im藸	2	33.33	0.0000	100.00
nbhur	n酞藸w蕣删藸	n藸蓹	5	28.57	0.7500	25.00
na铆onda	藞n酞藸i藧蓴n酞藸d酞藸蓹	藞n酞藸i藧n酞藸d酞藸蓹	1	92.86	0.1667	83.33
leomh	l虪什o藧w	l虪什ow	1	83.33	0.0000	100.00
n-茅id铆	n虪什藞e藧d什i藧	藞n虪什e藧d什i藧	2	80.00	0.0000	100.00
n-谩it铆	n酞藸藞蓱藧t什i藧	藞n酞藸蓱藧t什i藧	2	80.00	0.0000	100.00
n-谩it	n酞藸藢蓱藧t什	n酞藸蓱藧t什	1	87.50	0.2500	75.00
n-ubh	n酞藸藢u藧	n酞藸u藧	1	83.33	0.3333	66.67
bh铆os	v什i藧s藸	藞v什i藧s藸	1	85.71	0.0000	100.00
n-oilfeadh	n酞藸藞蓻l虪什h蓹	藞n酞藸蓻l什hu	4	60.00	0.2000	80.00
n-oile	n酞藸藞蓻l什蓹	藞n酞藸蓻l什蓹	2	75.00	0.0000	100.00
d铆sle	藞d什i藧蕛l什蓹	藞d什i藧蕛l虪什蓹	1	90.00	0.0000	100.00
Ard-Fheis	藞蓱藧删藸d什藢蓹蕛	藞蓱藧删藸d酞藸 藞蓻蓵	6	50.00	0.5000	50.00
Ciribeas	藞c瑟删什蓹b什蓹s藸	藞k瑟删什蓹藢bas	5	54.55	0.2500	75.00
n-athar	n酞藸藞ah蓹删藸	藞n酞藸ah蓹删藸	2	77.78	0.0000	100.00
n-ata	n酞藸藞at酞藸蓹	藞n酞藸at酞藸蓹	2	77.78	0.0000	100.00
n-anman	n酞藸藞an藸蓹m藸蓹n藸	藞n酞藸an藸蓹m藸蓹n藸	2	84.62	0.0000	100.00
茅adr贸caireach	藞e藧d酞藸删藸o藧k蓹删什蓹x	e藧藞d酞藸删藸o藧k蓹删什蓹x	2	87.50	0.0000	100.00
n-ainmneacha	n酞藸藞an什蓹m什n什蓹x蓹	藞n酞藸an什蓹m什n什蓹x蓹	2	86.67	0.0000	100.00
n-ainm	n酞藸藢an什蓹m什	藞n酞藸an什蓹m什	2	80.00	0.1667	83.33
n-aenna	n酞藸藞e藧n酞藸蓹	藞n酞藸e藧n酞藸蓹	2	80.00	0.0000	100.00
ghl煤n	桑l藸u藧n酞藸	桑l酞藸u藧n酞藸	1	88.89	0.0000	100.00
cailleadh	藞kal虪什蓹	藞kal虪什u藧	2	75.00	0.2500	75.00
m煤naid	藞m藸u藧n藸蓹d什	藞m藸u藧n酞藸蓹d什	1	90.91	0.0000	100.00
nochtacht	藞n酞藸蓴xt酞藸蓹xt酞藸	藞n蓴xt酞藸蓹xt酞藸	2	85.71	0.0000	100.00
dh谩ir铆re	藞桑蓱藧删什i藧删什蓹	桑蓱藧藞删什i藧删什蓹	2	81.82	0.0000	100.00
deirfi煤racha	藞d什蓻删什蓹f什u藧删藸蓹x蓹	藞d什e删什蓹f什蓹删藸蓹x蓹	3	81.25	0.1000	90.00
fungasach	藞f藸蕣艐蓹s藸蓹x	藞f藸蕣艐伞蓹s藸蓹x	1	90.91	0.1250	87.50
na铆on	藞n酞藸i藧蓴n藸	藞n酞藸i藧n藸	1	88.89	0.2500	75.00
an铆os	藞an什i藧s藸	蓹藞n虪什i藧s藸	3	66.67	0.2500	75.00
l谩ithreach baill	藢l酞藸蓱藧h删什蓹x 藞b藸al虪什	藢l酞藸蓱藧删什蓹x 藞b藸蓱l虪什	2	89.47	0.2000	80.00
maola	藞m藸i藧l藸蓹	m藸i藧l藸蓹	1	87.50	0.0000	100.00
c煤camar	藞ku藧k蓹m藸蓹删藸	ku藧k蓹m藸蓹r藸	2	81.82	0.0000	100.00
c煤inge	藞ku藧刹蓹	藞ku藧刹瑟	1	83.33	0.2500	75.00
siamban	藞蕛i蓹m藸b藸蓹n藸	蕛i蓹m什b藸an虪什	5	54.55	0.1429	85.71
murl谩n	藞m藸u藧删藸l酞藸蓱藧n藸	藞m藸蕣删藸l酞藸蓱藧n	3	78.57	0.0000	100.00
mungarlach	藞m藸蕣艐蓹藧删藸l酞藸蓹x	藞m藸蕣艐伞蓹删藸l酞藸蓹x	2	85.71	0.2222	77.78
fodhuine	藞f藸u藧蓹n什蓹	藞f藸蓴桑瑟n什蓹	3	66.67	0.5000	50.00
n-aithn铆onn	n酞藸藞ahn什i藧n酞藸	藞n酞藸ahn什i藧n酞藸	2	84.62	0.0000	100.00
chuarta	藞xu蓹删藸t酞藸蓹	xu蓹删藸t酞藸蓹	1	90.00	0.0000	100.00
eala铆n	藞al藸蓹n什	藞蓱藧l藸i藧n什	4	55.56	0.5000	50.00
贸rth贸ra铆ocht	藞o藧删藸ho藧删藸i蓹xt酞藸	o藧删藸藞ho藧删藸i藧蓹xt酞藸	3	82.35	0.0000	100.00
daonchairdi煤il	藞d酞藸i藧n藸蓹x蓹藧删藸d什u藧l什	藞d酞i藧n酞x蓱藧删藸d什u藧l什	4	80.00	0.1818	81.82
mo ghr谩 th煤	藞m藸蓹 桑删藸蓱藧 藞hu藧	m藸蓹 桑删藸蓱藧 hu藧	2	86.67	0.0000	100.00
haird铆	藞h蓱藧删藸d什i藧	藞ha藧删藸d什i藧	1	90.00	0.2000	80.00
nd贸nna	藞n酞藸o藧n酞藸蓹	n酞藸o藧n酞藸蓹	1	90.00	0.0000	100.00
miongh谩ire	藞m什瑟n酞藸桑a藧删什蓹	m什瑟n藸桑a藧删什蓹	2	84.62	0.0000	100.00
minic铆	藞m什瑟n什瑟ci藧	藞m什瑟n瑟ci藧	1	90.00	0.0000	100.00
lenarb	藞l虪什蓻n藸蓹删藸b藸	藞l什蓻n藸蓹删藸b藸	1	91.67	0.0000	100.00
meaingeal	藞m什a刹蓹l藸	藞m忙刹蔁蓹l	4	50.00	0.1667	83.33
ginte	藞蔁瑟n什t什蓹	蔁瑟n什t什蓹	1	87.50	0.0000	100.00
faighte谩	藞f藸ajt什蓱藧	藞f藸蓱t什蓱藧	2	77.78	0.4000	60.00
milse	藞m什瑟l什蕛蓹	藞m什瑟l虪什蕛蓹	1	88.89	0.0000	100.00
nglacf谩	藞艐l藸ak蓱藧	艐l蓱k藞f蓱藧	5	37.50	0.3333	66.67
-铆mis	藢i藧m什瑟蕛	i藧m什蓹蕛	2	71.43	0.4000	60.00
茅ireoidh	藞e藧删什蓹	藞蓹i删什o藧	4	42.86	0.7500	25.00
i gc贸na铆	蓹藞伞u藧n藸i藧	蓹藞伞u藧n酞藸i藧	1	90.00	0.0000	100.00
mh谩ighistre谩sa	藞w蓱藧j蓹蕛t什删什蓱藧s藸蓹	藞w蓱藧蕛t什删什蓱藧s藸蓹	2	87.50	0.2000	80.00
leabhair	藞l虪什蓹u删什	l虪什蓹u删什	1	87.50	0.0000	100.00
ar feadh	蓻删什藞f什蓹i	蓻删什藞f什a	2	75.00	0.4000	60.00
Corn na Breataine	ko藧删藸n酞藸 n酞藸蓹 藞b什删什at酞藸蓹n什蓹	k蓴r藸n藸 n藸蓹 藞b什r什at藸蓹n什蓹	7	74.07	0.0000	100.00
gaisc铆gh	藞伞a蕛c瑟	藞伞a蕛ci藧	2	71.43	0.0000	100.00
mheabhair	藞v什au蓹删什	v什蓹u删什	3	62.50	0.4000	60.00
veige谩n	v藞蓻蔁蓱藧n藸	藞v什蓻蔁蓱藧n藸	2	77.78	0.0000	100.00
slaba铆	藞s藸l酞藸ab藸i藧	藞s藸色酞ab藸i藧	2	81.82	0.2000	80.00
ble谩nach	藞b什l什a藧n藸蓹x	藞b什l什a藧n酞藸蓹x	1	91.67	0.0000	100.00
mac谩nta	藞m藸ak蓱藧n酞藸t酞藸蓹	藞mak蓱藧n酞藸t酞藸蓹	1	92.86	0.0000	100.00
me谩n o铆che	藢m什蓱藧n藸 藞i藧莽蓹	m什蓱藧n藸 藞i藧h蓹	2	84.62	0.2857	71.43
sc谩ile谩n	藞s藸k蓱藧l什蓱藧n藸	s藸k蓱藧l什蓱藧n藸	1	91.67	0.0000	100.00
-铆	藢i藧	i藧	1	66.67	0.5000	50.00
meirg	藞m什蓻删什蓹c	藞m什蓻删什瑟蔁	2	75.00	0.4000	60.00
bail铆onn brobh beart	藢b藸al什i藧n酞藸 b藸删藸蓹u 藞b什a删藸t酞藸	藞b藸al什i藧n酞藸 藞b藸删藸ow 藞b什a删藸t什	6	78.57	0.2143	78.57
meana	藞m什an藸蓹	藞m什an酞藸蓹	1	87.50	0.0000	100.00
ceird	c蓻藧删藸d什	ce删藸d什	2	71.43	0.0000	100.00
boladh	藞b藸蓴l藸蓹	藞b藸蓴l藸u	1	85.71	0.2500	75.00
hidrigin	藞h瑟d什删什蓹蔁瑟n什	h瑟d什删什瑟蔁瑟n什	2	83.33	0.1250	87.50
drochmh煤inte	藞d酞藸删藸蓴xwu藧n虪什t什蓹	d酞藸删藸蓴x藞wu藧n虪什t什蓹	2	88.24	0.0000	100.00
n-oileadh	n酞藸藞蓻l什蓹	藞n酞藸蓻l什u	3	62.50	0.2500	75.00
mboicht	m藸蓻莽t什	m藸蓴xt什	2	66.67	0.2500	75.00
fionnuar	藞f什瑟n酞藸u蓹删藸	藞f什瑟n酞藸藢u蓹删藸	1	91.67	0.1429	85.71
mbeidh	m什瑟	m什蓻j	2	50.00	0.6667	33.33
olldord	藞蓴l酞藸d酞藸蓹藧删藸d酞藸	藞蓴l酞藸藢d酞藸o藧删藸d酞藸	2	87.50	0.4286	57.14
diabhal	藞d什i蓹w蓹l藸	藞d什au蓹l藸	3	66.67	0.5000	50.00
masl煤	藞m藸as藸l酞藸u藧	藞m藸a藧s藸l酞藸u藧	1	91.67	0.0000	100.00
gabh谩ilte	藞伞蓹u蓱藧l什t什蓹	藞伞蓴w蓱藧l什t什蓹	2	81.82	0.2857	71.43
mart	m藸a删藸t酞藸	m藸a删藸t藸	1	87.50	0.0000	100.00
ar an 谩sc sin	蓻删什 蓹n藸 蓱藧s藸k 藞蕛瑟n什	蓻删什 蓹n藸 藞蓱藧sk 蕛瑟n什	3	84.21	0.0000	100.00
maorga	藞m藸i藧删藸蓹伞蓹	藞m藸i藧删藸伞蓹	1	90.00	0.1667	83.33
seo chugainn	藞蕛蓴 x蓹伞蓹n虪什	蕛蓴 藞x蕣伞蓹n虪什	3	72.73	0.1429	85.71
d'oileadh	藞d酞藸蓻l什蓹	藞d酞藸蓻l什u	1	87.50	0.2500	75.00
maithi煤nas	藞m藸ahu藧n藸蓹s藸	藞m藸ahu藧n酞藸蓹s藸	1	92.31	0.0000	100.00
maitheas	藞m藸ah蓹s藸	m藸ah蓹s藸	1	87.50	0.0000	100.00
amhr谩in	藞蓹u删藸蓱藧n什	藞o藧删藸蓱藧n什	2	77.78	0.4000	60.00
Bolc谩n	藞b藸蓴l藸k蓱藧n藸	藞b蓴l藸k蓱藧n藸	1	90.91	0.0000	100.00
mairstean	藞m藸a删藸蕛t什蓹n藸	藞m藸a删藸s藸t什蓹n藸	2	84.62	0.0000	100.00
maighdean	藞m藸ajd什蓹n藸	藞m藸蓹瑟d什蓹n藸	2	80.00	0.3333	66.67
maghar	藞m藸ai蓹删藸	m藸蓹i删藸	3	62.50	0.4000	60.00
madra alla	藢m藸ad酞藸删藸蓹 藞al酞藸蓹	藞m藸ad酞藸删藸蓹 藞al酞藸蓹	1	94.12	0.1111	88.89
cluiche	藞kl藸瑟莽蓹	藞kl藸if什蓹	3	62.50	0.2000	80.00
ar bun	蓻删什藞b藸蕣n藸	蓻删什 藞b藸蕣n藸	1	90.00	0.0000	100.00
c煤nt贸ir	藞ku藧n酞藸t酞藸o藧删什	藞ku藧n藸t酞藸o藧删什	1	92.86	0.0000	100.00
adhairc	藞ai蓹删什c	藞蓹i蓹删什c	1	85.71	0.2000	80.00
feidhmeannach	藞f什蓻jm什蓹n酞藸蓹x	藞f什蓹im什蓹n酞藸蓹x	2	84.62	0.2500	75.00
fianaise	藞f什i蓹n藸蓹蕛蓹	藞f什i藧n藸瑟蕛蓹	2	80.00	0.2857	71.43
thiocfainn	藞h蕣kf藸蓹n虪什	h蕣k蓹n虪什	3	70.00	0.1667	83.33
comhrialtas	藞k瑟删什i蓹l酞藸t酞藸蓹s藸	藞ko藧删藸i蓹l酞藸t酞藸蓹s藸	3	82.35	0.1111	88.89
l谩rthosa铆	藞l酞藸蓱藧删藸h蓹s藸i藧	藞l酞藸蓱藧删藸藢h蓴s藸i藧	2	86.67	0.2500	75.00
beith铆gh	藞b什蓻h蓹	藞b什蓻hi藧	2	71.43	0.2500	75.00
d煤nfad	藞d酞藸u藧n酞藸h蓹d酞藸	藞d酞藸u藧n藸h蓹d酞藸	1	92.86	0.0000	100.00
g铆 nar	蔁i藧 藞n酞藸a删藸	藞蔁i藧 n酞藸a删藸	2	81.82	0.0000	100.00
-铆te谩	藢i藧t什蓱藧	i藧t什a藧	2	71.43	0.5000	50.00
cinneadhtheoiric	藞c瑟n虪什蓹ho藧删什瑟c	藞c瑟n虪什蓹藢ho藧删什蓹c	2	86.67	0.2000	80.00
n-ola铆	n酞藸藞蓴l藸i藧	藞n酞藸蓴l藸i藧	2	77.78	0.0000	100.00
luathcha	藞l酞藸u蓹hx蓹	藞l酞藸u蓹x蓹	1	88.89	0.1667	83.33
t谩 ocras orm	t酞藸蓱藧 藞蓴k删藸蓹s藸 蓹删藸蓹m藸	藞t酞藸蓴k删藸蓹s藸 蓴删藸蓹m藸	6	71.43	0.1818	81.82
luachair	藞l酞藸u蓹x蓹删什	l酞藸u蓹x蓹删什	1	90.00	0.0000	100.00
lonta	藞l酞藸蓴n酞藸t酞藸蓹	藞l酞藸蕣n酞藸t酞藸蓹	1	91.67	0.2000	80.00
lom l谩ithreach	藢l酞藸蓴m藸 藞l酞藸蓱藧h删什蓹x	藢l藸蓴m藸 藞l酞藸蓱藧删什蓹x	2	89.47	0.1000	90.00
oilfeadh	藞蓻l虪什h蓹	藞蓻l什hu	2	71.43	0.2500	75.00
loite	藞l酞藸瑟t什蓹	l酞藸蓴瑟t什蓹	2	75.00	0.2000	80.00
Fionlainn	藞f什瑟n酞藸l藸蓹n虪什	藞f什瑟nl藸蓹n虪什	2	84.62	0.0000	100.00
d铆ghalraigh	藞d什i藧桑蓹l酞藸删藸i藧	d什i藞桑蓱l酞藸藢删藸i藧	4	71.43	0.2500	75.00
claonadh	藞kl藸i藧n藸蓹	藞kl藸嗓藧n藸蓹t什	3	72.73	0.4286	57.14
bhfr茅imh	v什删什e藧v什	v什r什e藧v什	1	87.50	0.0000	100.00
leora铆	藞l什o藧删藸i藧	藞l什蓴删藸i藧	2	77.78	0.0000	100.00
taidhleoir	藞t酞藸蓱藧jl什o藧删什	藞t酞藸ail什o藧删什	3	76.92	0.3333	66.67
len谩r	藞l虪什蓻n藸蓱藧删藸	藞l什蓻n藸蓱藧删藸	1	90.91	0.0000	100.00
lenarbh	藞l虪什蓻n藸蓹删藸w	藞l什蓻n藸蓹删藸v藸	3	72.73	0.1667	83.33
ar chor ar bith	蓻删什x蓴删藸 蓻删什藞b什瑟	蓹 藢x蓴删藸 蓹藞b什瑟	6	60.00	0.4444	55.56
leis	l什蓻蕛	l虪什蓻蕛	1	80.00	0.0000	100.00
leigheas	藞l虪什蓻j蓹s藸	l虪什蓹is藸	4	55.56	0.6000	40.00
ansi煤d	藞an虪什蕛u藧d酞藸	蓹n酞藸藞蕛u藧d酞藸	5	54.55	0.2000	80.00
f茅inphic	藞f什e藧n虪什f什瑟c	藞f什e藧n什藢f什瑟c	2	83.33	0.1429	85.71
an t茅	蓹n藸 藞t什e藧	蓹n虪什藞t什e藧	2	77.78	0.0000	100.00
coisreacaim	藞k蓴蕛删什蓹k蓹m什	藞k蕦蕛t什删什ak蓹m什	4	69.23	0.3333	66.67
Sord Cholm Cille	s藸o藧删藸d酞藸 x蓴l藸蓹m藸 藞c瑟l虪什蓹	藢s藸au删藸d酞藸 x蓴l藸蓹m 藞c瑟l虪什蓹	4	84.00	0.2000	80.00
T铆r Eoghain	t什i藧删什 藞o藧蓹n什	t什i藧删什 藞o藧n什	1	92.31	0.1667	83.33
cail铆n铆	藞kal什i藧n什i藧	藞ka藧l什i藧n什i藧	1	91.67	0.0000	100.00
ceanna铆m	藞can酞藸蓹m什	藞can酞藸i藧m什	2	80.00	0.2000	80.00
leamh	藞l虪什蓹u	藞l虪什av藸	3	57.14	0.6667	33.33
le d茅ana铆	l什蓻 藞d什e藧n藸i藧	l什蓹 藞d什e藧n酞藸i藧	2	85.71	0.1667	83.33
lastoir	藞l酞藸as藸t酞藸蓹删什	l酞藸as藸藞t酞藸蓻删什	3	76.92	0.1667	83.33
sa mbaile	s藸蓹 m藸蓹藞al什蓹	s藸蓹 藞m藸al什蓹	3	75.00	0.1429	85.71
bun煤s	藞b藸蕣n藸u藧s藸	藞b蕣n藸u藧s藸	1	90.00	0.0000	100.00
langa	藞l酞藸瑟艐蓹	藞l酞藸a艐伞蓹	2	75.00	0.4000	60.00
laisteas	藞l酞藸a蕛t什蓹s藸	l酞藸a蕛藞t什as藸	3	72.73	0.1667	83.33
tuarastal	藞t酞藸u蓹删藸蓹s藸t酞藸蓹l藸	藞t酞u蓹删藸蓹s藸t酞蓹l藸	2	88.24	0.0000	100.00
ar铆st	藞a删什i藧蕛t什	蓹藞删什i藧蕛t什	2	77.78	0.2000	80.00
i贸gart	藞io藧伞蓹删藸t酞藸	藞jo藧.伞藸蕣删藸t酞藸	4	69.23	0.3333	66.67
almanag	藞al藸蓹m藸蓹n藸蓹伞	藞al藸蓹m蓹n蓹k	3	75.00	0.1250	87.50
it	瑟t什	瑟t酞藸	2	50.00	0.0000	100.00
istigh	藞瑟蕛t什i藧	蓹蕛藞t什i藧	3	57.14	0.2500	75.00
aineola铆	藞an什o藧l藸i藧	藞a藧n酞藸o藧l酞藸i藧	4	69.23	0.0000	100.00
N谩s na R铆ogh	n酞藸蓱藧s藸 n酞藸蓹 藞删什i藧	藢n酞藸蓱藧s藸 n酞藸蓹 藞删藸i藧	2	89.47	0.1250	87.50
lig do sc铆th	l虪什瑟蔁 伞蓹 藞蕛ci藧	藢l虪什瑟蔁 d蓹 藞蕛ci藧	2	86.67	0.2222	77.78
is fearr	s藸 藞f什a藧删藸	s藸藞f什蓱藧删藸	2	80.00	0.2500	75.00
is cuma	s藸 藞k蕣m藸蓹	蓹s藸 藞k蕣m藸蓹	1	90.00	0.1667	83.33
aonaid	藞i藧n藸蓹d什	藞e藧n藸蓹d什	1	87.50	0.2500	75.00
-贸f谩	藢o藧f藸a藧	o藧f藸a藧	1	85.71	0.2500	75.00
ionaidh	藞瑟n藸蓹	藞i藧n藸i藧	4	42.86	0.3333	66.67
iom谩na铆ocht	藞蕣m藸蓱藧n藸i蓹xt酞藸	蓹藞m藸蓱藧n酞藸i蓹xt酞藸	3	80.00	0.1250	87.50
iomr谩	藞蕣m藸删藸蓱藧	藞蕣m删藸蓱藧	1	87.50	0.0000	100.00
iomrall	藞蕣m藸删藸蓹l酞藸	藞蕣m藸蓹删藸蓹l酞藸	1	90.91	0.1667	83.33
inn茅	藞瑟n虪什e藧	蓹藞n虪什e藧	2	71.43	0.3333	66.67
deirimis	藞d什蓻删什瑟m什瑟蕛	藞d什蓻删什蓹m什蓹蕛	2	81.82	0.2857	71.43
inarbh	藞瑟n藸蓹删藸w	藞瑟n藸蓹删藸v藸	2	77.78	0.2000	80.00
ina dhiaidh sin	藢瑟n藸蓹 ji蓹 藞蕛瑟n什	瑟n藸蓹 藞ji蓹 蕛in什	4	73.33	0.1000	90.00
in ainneoin	瑟n什 藞an虪什o藧n什	蓹藞n酞藸an虪什o藧n什	5	61.54	0.1667	83.33
in aice	瑟n什 藞ac瑟	蓹藞n酞藸ac瑟	5	37.50	0.2000	80.00
sn谩tha	藞s藸n酞藸蓱藧h蓹	s藸n酞藸蓱藧	3	70.00	0.4000	60.00
anagheairid	藞an藸蓹a删什蓹d什	蓱n蓱藞ja删什蓹d什	5	54.55	0.3750	62.50
mar go	m藸蓹删藸 伞蓹	m藸a删藸 伞蓹	1	87.50	0.2000	80.00
imithe	藞瑟m什蓹h蓹	蓹藞m什i莽蓹	4	42.86	0.6000	40.00
tirim	藞t什瑟删什蓹m什	藞t什e删什蓹m什	1	88.89	0.2000	80.00
abhaill	藞蓹ul虪什	藞蓹uw蓹l虪什	2	75.00	0.4000	60.00
idirghu铆	藞瑟d什蓹删藸桑i藧	藞瑟d什蓹r什藢桑i藧	3	72.73	0.1429	85.71
-ithe	藢i藧	i藧	1	66.67	0.5000	50.00
i mbun	蓹m藸蓹藞un藸	蓹藞m藸un藸	3	62.50	0.2000	80.00
i mbliana	蓹m什蓹藞l什i蓹n藸蓹	蓹 藞m什l什i蓹n藸蓹	4	66.67	0.1250	87.50
i gcomhluadar	蓹藞伞蓹ul藸u蓹d酞藸蓹删藸	蓹藞伞o藧l藸u蓹d酞藸蓹删藸	2	86.67	0.2000	80.00
i dtaca le	蓹藞d酞藸ak蓹 l什蓻	蓹藞d酞藸ak蓹 l什e	1	91.67	0.0000	100.00
i bhfad 贸 shin	蓹wad酞藸 o藧 藞h瑟n什	蓹藢wad酞藸 o藧藞h瑟n什	2	86.67	0.1111	88.89
tiocfar	藞t什蕣kf藸蓹删藸	藞t什蕣kf蓹删藸	1	90.00	0.0000	100.00
h茅ileacaptar	藞he藧l什蓹k蓹p藸t酞藸蓹删藸	藞he藧.l酞什蓹藢kap藸.t酞藸蓹删藸	5	76.19	0.1818	81.82
adhlac贸ir	藞ail藸蓹ko藧删什	藞蓹il酞藸蓹ko藧删什	2	83.33	0.1429	85.71
deighilt	藞d什蓻j蓹l什t什	d什蓹il什t什	4	60.00	0.5000	50.00
huaisle	藞hu蓹蕛l什蓹	藞hu蓹蕛l虪什蓹	1	88.89	0.0000	100.00
ceirn铆n	藞c蓻藧删藸n虪什i藧n虪什	藞c蓻删藸n虪什i藧n什	2	85.71	0.0000	100.00
haonaid	藞hi藧n藸蓹d什	藞he藧n藸蓹d什	1	88.89	0.2000	80.00
damh谩n	藞d酞藸蓹u蓱藧n藸	藞d酞藸aw蓱藧n藸	2	80.00	0.4000	60.00
scr谩b谩n	藞s藸k删藸蓱藧b藸蓱藧n藸	藞s藸k删藸蓱藧b蓱藧n藸	1	92.86	0.0000	100.00
Gaeilge na hAlban	藢伞e藧l什蓹蔁瑟 n酞藸蓹 藞hal藸蓹b藸蓹n藸	藞伞e藧l什蔁瑟 n藸蓹 藞hal藸蓹b藸蓹n藸	3	88.46	0.1250	87.50
h-脡irinn	h藞e藧删什蓹n虪什	藞he藧删什蓹n虪什	2	80.00	0.0000	100.00
Life	藞l虪什瑟f什蓹	l虪什瑟f什蓹	1	87.50	0.0000	100.00
aerfort	藞e藧删藸蓹f藸蓹删藸t酞藸	藞e藧删藸f蓴删藸t酞藸	3	78.57	0.2857	71.43
foshruth	藞f藸蓴h删藸蓹	藞f藸蓴hr藸蕣	2	75.00	0.2000	80.00
c茅il铆och	藞ce藧l什i藧x	藞ce藧l什i藧蓹x	1	90.00	0.1667	83.33
铆sle	藞i藧蕛l什蓹	藞i藧蕛l虪什蓹	1	87.50	0.0000	100.00
Frainc	f藸删藸a刹c	f藸删藸忙刹c	1	85.71	0.0000	100.00
guirme	藞伞瑟删什蓹m什蓹	藞伞瑟删什m什蓹	1	88.89	0.1667	83.33
gr铆os	蔁删什i藧s藸	伞删什瑟s藸	3	57.14	0.0000	100.00
gr茅as谩n	藞蔁删什e藧s藸蓱藧n藸	藞蔁删e藧s藸蓱藧n藸	1	91.67	0.0000	100.00
gr茅as谩in	藞蔁删什e藧s藸蓱藧n什	藞蔁删e藧s藸蓱藧n什	1	91.67	0.0000	100.00
gr茅as	蔁删什e藧s藸	蔁删e藧s藸	1	85.71	0.0000	100.00
gr谩igh	伞删藸蓹	伞删藸蓱藧	2	60.00	0.3333	66.67
gr谩 mo chro铆	伞删藸蓱藧 藞m藸蓹 藞x删藸i藧	伞删藸a藧 m藸蓹 x删藸i藧	3	82.35	0.1250	87.50
gruth	伞删藸蕣	伞删藸蔀	1	75.00	0.3333	66.67
bheidh	v什瑟	v什蓻j	2	50.00	0.6667	33.33
Hav谩is	藞hava藧蕛	藞hawa藧瑟蕛	2	75.00	0.3333	66.67
grianmhar	藞蔁删什i蓹n酞藸w蓹删藸	藞蔁删什i蓹n酞藸v藸蓹删藸	2	85.71	0.1250	87.50
grianghraf	藞蔁删什i蓹n酞藸桑删藸蓹f藸	藞蔁删什i蓹n藸藢桑删藸af藸	3	80.00	0.2000	80.00
Vein茅is	v藞蓻n什e藧蕛	藞v什蓻n什e藧蕛	2	77.78	0.0000	100.00
griand贸	藞蔁删什i蓹n酞藸d酞藸o藧	藞蔁删什i蓹n酞藸藢d酞藸o藧	1	93.33	0.1250	87.50
ciabh	ci蓹w	ci蓹v藸	2	60.00	0.2500	75.00
Colm Cille	藢k蓴l藸蓹m藸 藞c瑟l虪什蓹	藢k蓴l藸蓹m藞c瑟l虪什蓹	2	87.50	0.0000	100.00
greannach	藞蔁删什an酞藸蓹x	藞蔁r什an酞藸蓹x	1	90.00	0.0000	100.00
greama铆m	藞蔁删什am藸蓹m什	藞蔁删什am藸i藧m什	2	81.82	0.1667	83.33
goilli煤nach	藞伞蓻l虪什u藧n藸蓹x	藞伞蓴l虪什u藧n藸蓹x	1	91.67	0.1429	85.71
goidte	藞伞蓻d什t什蓹	藞伞蔀t什蓹	3	62.50	0.4000	60.00
gl煤n	伞l藸u藧n酞藸	伞l酞藸u藧n酞藸	1	88.89	0.0000	100.00
gl煤in 贸g	藢伞l藸u藧n什 藞o藧伞	蓹 藢桑l藸u藧n什 藞o藧伞	3	80.00	0.1250	87.50
codlata	藞k蓴d酞藸l藸蓹t酞藸蓹	藞k蓴l酞藸蓹t酞藸蓹	3	76.92	0.1429	85.71
daichead	藞d酞藸a莽蓹d酞藸	藞d酞藸a.莽蓹d酞藸	1	90.91	0.0000	100.00
gliogaire	藞蔁l什瑟伞蓹删什蓹	藞蔁l什莎伞蓹删什蓹	1	90.00	0.1429	85.71
Baile Brig铆n	藢b藸al什蓹 藞b什删什瑟蔁i藧n什	藢b藸al蓹 藞b什删什瑟蔁i藧n什	1	94.74	0.0000	100.00
gliocas	藞蔁l什瑟k蓹s藸	藞蔁l蕣k蓹s藸	2	77.78	0.1667	83.33
meais铆n	藞m什a蕛i藧n什	m什蓹藞蕛i藧n什	3	66.67	0.2000	80.00
d煤rabhair	藞d酞藸u藧删藸蓹u删什	藞d酞藸u藧删藸蓹w蓹删什	2	84.62	0.2857	71.43
giuirl茅id	藞蔁i瑟藧删什l什e藧d什	藞蔁u藧删藸l什e藧d什	3	76.92	0.3750	62.50
braistint	藞b藸删藸a蕛t什蓹n虪什t什	藞b藸删藸蓱蕛t什蓹n什t什	2	86.67	0.1250	87.50
giorra铆m	藞蔁瑟删藸蓹m什	藞蔁瑟删藸i藧m什	2	77.78	0.2000	80.00
t-aos	t酞藸藢i藧s藸	t酞藸i藧s藸	1	87.50	0.2500	75.00
t-贸g谩nach	t酞藸藞o藧伞蓱藧n藸蓹x	藞t酞藸o藧伞蓱藧n藸蓹x	2	84.62	0.0000	100.00
b铆onn cluasa ar an gcoill	b什i藧n酞藸 kl藸u蓹s藸蓹 蓻删什 蓹n藸 藞伞蓻l虪什	b什i藧蓹n酞藸 kl酞藸u蓹s藸蓹 蓻删藸 蓹n酞藸 伞蓹l什	7	78.12	0.1176	88.24
ghoirid	藞桑蓻删什蓹d什	藞桑蕦删什蓹d什	1	87.50	0.2000	80.00
-t铆	藢t什i藧	t什i藧	1	80.00	0.3333	66.67
Babl贸inia	藞b藸ab藸l藸o藧n什i蓹	b藸ab藸藞l藸o藧n什i蓹	2	85.71	0.0000	100.00
duille	藞d酞藸瑟l什蓹	d酞藸瑟l什蓹	1	87.50	0.0000	100.00
n-abhann	n酞藸藞蓹un酞藸	n酞藸aun酞藸	2	77.78	0.2500	75.00
ghliocais	藞jl什瑟k蓹蕛	藞jl蕣k蓹蕛	2	75.00	0.1667	83.33
airleacan	藞a藧删什l什蓹k蓹n藸	藞蓱藧删藸l虪什蓹k蓹n藸	3	76.92	0.1429	85.71
garmhac	藞伞a删藸蓹w蓹k	藞伞a删藸藢wak	2	77.78	0.2857	71.43
monabhar	藞m藸蓴n藸蓹u删藸	藞m藸蕣n藸蓹w蓹删藸	3	72.73	0.4286	57.14
asaibhse	藞as藸蓹v什蕛蓹	藞as藸i藧蕛蓹	3	66.67	0.3333	66.67
stopall谩n	藞s藸t酞藸蓴p藸蓹l酞藸蓱藧n藸	藞s藸t酞藸蓴p蓹l酞藸蓱藧n藸	1	94.12	0.0000	100.00
gabh谩il	藞伞蓹u蓱藧l什	藞伞蓴w蓱藧l什	2	75.00	0.4000	60.00
gleanna	藞蔁l什an酞藸蓹	藞蔁l什a藧n酞藸蓹	1	90.00	0.0000	100.00
uirlis	藞瑟藧删什l什瑟蕛	藞u藧删藸l虪什蓹蕛	4	60.00	0.5000	50.00
ghabhar	藞桑蓹u删藸	桑蓹u删藸	1	83.33	0.0000	100.00
geireach	藞蔁蓻删什蓹x	藞蔁蓻r什蓹x	1	85.71	0.0000	100.00
bheife谩	藞v什蓻f什蓱藧	藞v什蓻h蓱藧	2	75.00	0.2500	75.00
geimhri煤	藞蔁蓻v什删什u藧	蔁i藧v什删什u藧	3	66.67	0.2000	80.00
n-athruithe	n酞藸藞ah删藸蓹h蓹	藞n酞藸ah删藸瑟h蓹	3	72.73	0.1429	85.71
aire	藞a删什蓹	藞a藧删什蓹	1	83.33	0.0000	100.00
Nuala	藞n酞藸u蓹l藸蓹	藞n酞藸u藧蓹l藸蓹	1	90.00	0.0000	100.00
gc贸na铆	藞伞u藧n藸i藧	藞伞u藧n酞藸i藧	1	88.89	0.0000	100.00
gc茅adta	藞蔁e藧d酞藸t酞藸蓹	藞蔁e藧t酞藸蓹	3	72.73	0.2000	80.00
-铆g铆	藢i藧蔁i藧	i藧蔁i藧	1	83.33	0.2500	75.00
gcomhluadar	藞伞蓹ul藸u蓹d酞藸蓹删藸	藞伞o藧l藸u蓹d酞藸蓹删藸	2	85.71	0.2222	77.78
lonnaithe	藞l酞藸蕣n酞藸瑟h蓹	藞l酞藸蓴n酞藸i藧	4	63.64	0.5000	50.00
cangail	藞k瑟艐蓹l什	藞ka艐伞蓹l什	2	75.00	0.3333	66.67
ardchl谩r	藞蓱藧删藸d酞藸xl藸蓱藧删藸	藞蓱藧删藸d酞藸藢xl藸蓱藧删藸	1	93.75	0.1250	87.50
gaothr谩n	藞伞i藧h删藸蓱藧n酞藸	藞伞i藧删胎藸蓱藧n酞藸	2	83.33	0.3333	66.67
eas贸g	藞as藸o藧伞	藞a藧s藸o藧伞	1	87.50	0.0000	100.00
me谩nscoil	藞m什蓱藧n酞藸s藸k蓹l什	藞m什蓱藧n藸藢s藸k蓻l什	3	78.57	0.2500	75.00
Ceatharlach	藞cah蓹藧删藸l酞藸蓹x	藞cah蓹删藸l酞藸蓹x	1	92.31	0.1111	88.89
fothragadh	藞f藸蓴h删藸蓹伞蓹	藞f藸o删藸蓹k蓹	3	70.00	0.2857	71.43
gairleog	藞伞a藧删什l什o藧伞	藞伞a删什l什o藧伞	1	90.91	0.0000	100.00
gaimb铆n	藞伞am什蓹b什i藧n什	藞伞am什b什i藧n什	1	91.67	0.1429	85.71
Eoghan	藞o藧蓹n酞藸	o藧n酞藸	2	71.43	0.3333	66.67
Baile Nua na hArda	藢b藸al什蓹 n酞藸u蓹 n酞藸蓹 藞h蓱藧删藸d酞藸蓹	藢b藸al什蓹 藢n酞藸u藧 n酞藸蓹 藞h蓱藧删藸d酞藸蓹	2	93.33	0.1333	86.67
gach uile	伞ax 藞瑟l什蓹	藞x莎l什蓹(corresponding to the form	31	3.12	0.9630	3.70
gach aon duine	伞ax i藧n藸 藞d酞藸瑟n什蓹	伞ax e藧n酞藸藞d酞藸瑟n什蓹	3	82.35	0.1111	88.89
searbh	藞蕛a删藸u藧	藞蕛ar藸u藧	1	85.71	0.0000	100.00
rugadar	藞删藸蕣伞蓹d酞藸蓹删藸	藞删藸蕣伞蓹d藸蓹删藸	1	91.67	0.0000	100.00
f铆onghort	藞f什i藧n酞藸桑蓹删藸t酞藸	藞f什i藧n藸藢桑蓴删藸t藸	4	73.33	0.2500	75.00
f茅infhostaithe	藞f什e藧n藸蓹s藸t酞藸瑟h蓹	藞f什e藧n什os藸t酞藸蓹h蓹	3	81.25	0.2222	77.78
Shligigh	藞hl什瑟蔁瑟	藞hl什瑟蔁i藧	2	75.00	0.0000	100.00
T-l茅ine	t什藞l什e藧n什蓹	t酞藸i藧 藞l虪什e藧n什蓹	6	60.00	0.1667	83.33
d铆ogacha	藞d什i藧伞蓹x蓹	藞d什i伞蓹x蓹	1	88.89	0.0000	100.00
Protast煤nach	藞p藸删藸蓴t酞藸蓹s藸t酞藸u藧n藸蓹x	藞p藸删藸蓴t酞藸蓹s藸t酞藸u藧n酞藸蓹x	1	95.45	0.0000	100.00
ar gc煤l	蓻删什藞伞u藧l藸	e删什藞伞u藧l藸	1	88.89	0.0000	100.00
slog	s藸l酞藸蓴伞	s藸l酞藸u伞	1	85.71	0.2500	75.00
bhfeighil	藞v什蓻j蓹l什	v什蓹il什	4	50.00	0.6000	40.00
She谩in	h蓱藧n什	莽蓱藧n什	1	80.00	0.3333	66.67
h谩id铆	藞h蓱藧d什i藧	藞h蓱藧di藧	1	87.50	0.0000	100.00
gluaisrothar	藞伞l藸u蓹s藸删藸蓹h蓹删藸	伞l藸u蓹蕛藞删藸蓴h蓹删藸	4	73.33	0.1000	90.00
meabhair	藞m什au蓹删什	m什au删什	2	75.00	0.2000	80.00
freastala铆m	藞f什删什as藸t酞藸蓹l藸蓹m什	藞f什删什as藸t酞藸蓹l藸i藧m什	2	88.89	0.1111	88.89
freagra	藞f什删什a伞删藸蓹	藞f什删什蓱藧伞删藸蓹	2	81.82	0.1667	83.33
gallta	藞伞al酞藸t酞藸蓹	藞伞a藧l酞藸t酞藸蓹	1	90.91	0.0000	100.00
a chara	蓹藞xa删藸蓹	蓹 藞xa删藸蓹	1	87.50	0.0000	100.00
dtiocfainn	藞d什蕣kf藸蓹n虪什	d什蕣k蓹n虪什	3	72.73	0.1667	83.33
br贸d	b藸删藸o藧d酞藸	藞b藸删藸o藧d酞藸	1	90.00	0.0000	100.00
fi谩ntas	藞f什i蓱藧n酞藸t酞藸蓹s藸	藞f什i.蓱藧n酞藸t酞藸蓹s藸	1	93.75	0.0000	100.00
fi谩nta	藞f什i蓱藧n酞藸t酞藸蓹	藞f什i藧.蓱藧n酞藸t酞藸蓹	2	86.67	0.0000	100.00
fi谩in	f什i蓱藧n什	藞f什i藧蓱藧n什	2	77.78	0.0000	100.00
fiastalach	藞f什i蓹s藸t酞藸蓹l藸蓹x	藞f什i蓹s藸t酞藸蓹l蓹x	1	93.33	0.0000	100.00
fh贸mhair	藞o藧w蓹删什	藞o藧v藸蓹删什	2	75.00	0.2500	75.00
ar sc谩th a	蓻删什藞s藸k蓱藧h 蓹	蓻删什藞s藸k蓱藧蓹	2	83.33	0.1429	85.71
d茅anadh	藞d什e藧n藸蓹	藞d什e藧n藸蓹x	1	88.89	0.2000	80.00
fhu谩il	藞u蓱藧l什	藞u藧a藧l什	2	71.43	0.3333	66.67
neamhsple谩ch	藞n虪什蓹u蕛p什l什a藧x	藞n虪什蓹us藸p什l什a藧x	2	86.67	0.0000	100.00
Dubhghall	藞d酞藸蓹ul酞藸	藞d酞藸蕣w蓹l酞藸	3	70.00	0.6000	40.00
fheadh	瑟	a	1	0.00	1.0000	0.00
ar茅ir	藞a删什e藧删什	蓹藞删藸e藧删什	3	62.50	0.2500	75.00
feoigh	f什瑟	f什蓴藧j	3	40.00	0.6667	33.33
leathr茅	藞l虪什ah删什e藧	藞l什ah藢删什e藧	2	80.00	0.1667	83.33
bl谩thach	藞b藸l藸蓱藧h蓹x	藞b藸l藸蓱藧x	2	80.00	0.3333	66.67
Latharna	藞l酞藸ah蓹藧删藸n酞藸蓹	藞l酞藸ah蓹删藸n酞藸蓹	1	92.86	0.1250	87.50
gearr谩n	藞蔁a删藸蓱藧n酞藸	蔁蓹藞删藸蓱藧n酞藸	3	70.00	0.2000	80.00
g茅agl谩idir	藞蔁e藧伞l藸蓱藧d什蓹删什	藞蔁e藧伞藢l酞藸蓱藧d什瑟删什	3	81.25	0.2222	77.78
c贸car谩il	藞ko藧k蓹删藸a藧l什	藞ko藧k蓹藢删藸a藧l什	1	92.31	0.1250	87.50
ana-	藞an藸蓹	藞蓱n酞藸蓹	2	66.67	0.3333	66.67
Ollainnis	藞蓴l酞藸蓹n虪什瑟蕛	藞蓴l酞藸蓹n虪什蓹蕛	1	90.91	0.1667	83.33
feighil	藞f什蓻j蓹l什	f什蓹il什	4	50.00	0.6000	40.00
proifisi煤ntacht	藞p藸删藸蓻f什蓹蕛u藧n酞藸t酞藸蓹xt酞藸	p藸删藸蓴f什瑟藞蕛u藧n酞藸t酞藸蓹xt酞藸	4	82.61	0.1667	83.33
bhfeicfinn	藞v什蓻cf什蓹n虪什	藞v什蓻c瑟n虪什	3	72.73	0.3333	66.67
feada铆l	藞f什ad酞藸蓹l什	藞f什ad酞藸i藧l什	2	81.82	0.2000	80.00
neimhe	藞n虪什蓻v什蓹	藞n虪什扫虨虄v什蓹	3	70.00	0.5000	50.00
faoinarbh	藞f藸i藧n藸蓹删藸w	藞f藸i藧n藸蓹删藸v藸	2	83.33	0.1667	83.33
br茅agfholt	藞b什删什e藧藢伞蓹l酞藸t酞藸	藞b什删什e藧伞藢蓴l酞藸t酞藸	3	81.25	0.3750	62.50
faoi dh贸	f藸i藧藞桑o藧	f藸i藧 藞桑o藧	1	88.89	0.0000	100.00
abhras贸ir	藞蓹u删藸蓹s藸o藧删什	藞av藸删藸蓹s藸o藧删什	3	76.92	0.2857	71.43
gearach	藞蔁a删藸蓹x	藞蔁a删蓹x	1	85.71	0.0000	100.00
coill	k蓻l虪什	kel虪什	1	80.00	0.0000	100.00
faighfe谩	藞f藸ajf什蓱藧	藞f藸ai蓱藧	3	66.67	0.4000	60.00
faigheann	藞f藸aj蓹n酞藸	f藸蓱藧n酞藸	4	55.56	0.6000	40.00
ar si煤l	蓻删什藞蕛u藧l藸	蓻删什 藞蕛u藧l藸	1	90.00	0.0000	100.00
bunadh	藞b藸蕣n藸蓹	藞b藸un藸u藧	3	62.50	0.2500	75.00
d铆olaim	藞d什i藧l藸蓹m什	藞d什i藧l酞蓹m什	1	90.00	0.0000	100.00
c茅n uair	ce藧n什藞u蓹删什	ce藧藞n酞藸u蓹删什	3	72.73	0.0000	100.00
toirneach	藞t酞藸o藧删藸n虪什蓹x	藞t酞藸au删藸n虪什蓹x	2	84.62	0.2857	71.43
as cosa i dtaca	as藸 藢k蓴s藸蓹 蓹藞d酞藸ak蓹	蓹s藸 藢k蓴s藸蓹 藞d酞藸蓱k蓹	3	84.21	0.2500	75.00
cairr	ka删藸	ka藧删藸	1	80.00	0.0000	100.00
eic铆nt	藞蓻ci藧n虪什t什	蓹藞ci藧n虪什t什	2	80.00	0.2000	80.00
cad is ainm duit	kad酞藸 s藸 an什蓹m什 藞d酞藸瑟t什	kad酞藸 蓹s 藞an什蓹m什 d酞藸瑟t什	4	82.61	0.0833	91.67
ardr铆	藢蓱藧删藸藞d什删什i藧	藢蓱藧删藸d酞藸藞删藸i藧	5	61.54	0.0000	100.00
barr-	b藸a藧删藸	b藸蓱藧删藸	1	83.33	0.3333	66.67
diagaire	藞d什i蓹伞蓹删什蓹	藞d什i蓹伞i删什蓹	1	90.00	0.1429	85.71
d铆le谩	藞d什i藧l什蓱藧	藞d什i藧l虪什蓱藧	1	90.00	0.0000	100.00
bun煤	藞b藸蕣n藸u藧	b藸蕣n酞u藧	2	75.00	0.0000	100.00
adhnaic	藞ain酞藸瑟c	藞蓹in酞藸蓹c	2	75.00	0.4000	60.00
d铆chiall	藞d什i藧莽i蓹l酞藸	藞d什i藧藢莽e藧l虪什蓹	6	53.85	0.5714	42.86
chulaith	藞x蕣l藸蓹	藞xol藸i藧	3	57.14	0.5000	50.00
d茅arfainn	藞d什e藧删藸f藸蓹n虪什	藞d什e藧删藸h蓹n虪什	2	84.62	0.1667	83.33
f茅arach	藞f什e藧删藸蓹x	藞f什e藧r蓹x	2	77.78	0.0000	100.00
d茅an as	藞d什e藧n藸 as藸	藞d什i藧n藸 忙s藸	2	81.82	0.2000	80.00
-谩il	藢蓱藧l什	a藧l什	2	60.00	0.6667	33.33
dh谩r茅ag	藞桑蓱藧删什e藧伞	桑蓱藧藞删藸e藧伞	3	66.67	0.0000	100.00
cadhnra	藞kain酞藸删藸蓹	藞k蓹in藸删藸蓹	2	80.00	0.1667	83.33
teicni-	藞t什蓻cn什蓹	t什蓻cn什蓹	1	87.50	0.0000	100.00
bun谩bhar	藞b藸蕣n藸蓱藧w蓹删藸	藞b藸蕣n藸藢蓱藧w蓹删藸	1	92.31	0.1250	87.50
laistigh	藞l酞藸a蕛t什蓹	l酞藸a蕛藞t什瑟j	4	60.00	0.3333	66.67
dtitfinn	藞d什瑟t什f什蓹n虪什	藞d什瑟t什蓹n虪什	2	83.33	0.1667	83.33
abhaile	藞蓹ul什蓹	蓹藞wal什蓹	3	57.14	0.4000	60.00
inghlactha	藞瑟n酞藸桑l藸蓹k蓹	瑟n什藞桑l藸ak蓹	4	63.64	0.1429	85.71
贸inseacha	藞o藧n虪什蕛蓹x蓹	藞o藧刹蕛蓹x蓹	3	70.00	0.0000	100.00
dra铆od贸ir	藞d酞藸删藸i藧蓴d酞藸o藧删什	藞d酞藸删藸i蓹d酞藸o藧删什	2	87.50	0.1429	85.71
cloig铆n	藞kl藸蓻蔁i藧n什	藞kl藸o伞i藧n什	2	80.00	0.1667	83.33
ciumhaise	藞c蓹u蕛蓹	藞cu藧蕛蓹	2	66.67	0.2000	80.00
dona	藞d酞藸蓴n藸蓹	藞d酞藸蓴n酞藸蓹	1	88.89	0.0000	100.00
i gceist	蓹藞蔁蓻蕛t什	蓹 藞蔁蓻蕛t什	1	87.50	0.0000	100.00
seansc茅al	藞蕛an虪什蕛ce藧l藸	藞蕛an藸蕛ce藧l藸	2	83.33	0.0000	100.00
diosfaige	藢d什瑟s藸f藸蓹藞蔁瑟	藢d什蓹s藞f蓱蔁蓹	6	50.00	0.3750	62.50
dianghlas谩il	藞d什i蓹n酞藸桑l藸蓹s藸蓱藧l什	d什i蓹n藸藞桑l藸a.s藸蓱藧l什	5	72.22	0.1000	90.00
taoschn贸	藞t酞藸i藧藢s藸x删藸o藧	藞t酞藸i藧s藸藢x删藸o藧	2	85.71	0.2857	71.43
dheinim铆s	藞j蓻n什蓹m什i藧蕛	j瑟n什蓹藞m什i藧蕛t什	5	61.54	0.2500	75.00
cearn贸ige	藞c蓱藧删藸n酞藸o藧蔁瑟	藞c蓱藧删藸n酞藸o藧蔁蓹	1	92.31	0.1429	85.71
laethe	藞l酞藸e藧h蓹	藞l酞藸e藧h瑟	1	87.50	0.2500	75.00
det	d什瑟t什	d什蓻t酞藸	3	50.00	0.3333	66.67
dem	d什瑟m什	d什蓻m藸	2	60.00	0.3333	66.67
ibh	蓹i	瑟v什	3	0.00	1.0000	0.00
deirte谩	藞d什蓻删藸t什蓱藧	藞d什蓻删什t什蓱藧	1	90.00	0.0000	100.00
deirfi煤r	藞d什蓻删什蓹f什u藧删藸	藞d什蓻删什蓹f什蓹删藸	2	84.62	0.1429	85.71
seanmhn谩	藞蕛an藸蓹v藸n酞藸蓱藧	藞蕛an藸藢v藸n藸蓱藧	2	84.62	0.1429	85.71
脕irc an Chonartha	蓱藧删什c 蓹n藸 藞x蓴n藸蓹删藸h蓹	藞蓱藧删什c 蓹 藢x蓴n酞藸蓹删藸h蓹	5	75.00	0.0833	91.67
dearth谩ir	藞d什a删藸h蓱藧删什	藞d什a删藸ha删什	2	81.82	0.1667	83.33
dearnadh	藞d什蓱藧删藸n酞藸蓹	藞d什a藧删藸n酞藸u藧	3	75.00	0.4000	60.00
scilling	藞蕛c瑟l虪什蓹刹	藞蕛c瑟l虪什蓹n虪什	3	72.73	0.0000	100.00
de dheoin	d什蓹藞jo藧n什	d酞藸蓹藞jo藧n什	2	80.00	0.0000	100.00
-贸inn	藢o藧n虪什	o藧n虪什	1	83.33	0.3333	66.67
daonra	藞d酞藸i藧n酞藸删藸蓹	藞d藸i藧n酞藸删藸蓹	1	91.67	0.0000	100.00
Eibhl铆n	藞蓻v什l什i藧n什	藞蓻v什蓹l什i藧n什	1	90.91	0.1667	83.33
buail an t-iarann te	藢b藸u蓹l什 蓹n藸 t什i蓹删藸a藧n酞藸 藞t什蓻	b藸u蓹l什 蓹 t什i蓹删藸蓹n酞藸 t什蓻	6	78.57	0.2000	80.00
d'fh谩s	d酞藸蓱藧s藸	d藸蓱藧s藸	1	85.71	0.0000	100.00
d'fhit铆	藞d什瑟t什i藧	藞d什it什i藧	1	87.50	0.0000	100.00
mar an gc茅anna	m藸蓹删藸 蓹n藸 藞蔁e藧n酞藸蓹	m藸a删藸 蓹 藞蔁e藧n酞藸蓹	3	83.33	0.2222	77.78
c煤l谩n	藞ku藧l藸a藧n藸	藞ku藧la藧n	2	80.00	0.0000	100.00
Brasa铆l	藞b藸删藸as藸蓹l什	b藸删藸a藞s藸i藧l什	4	66.67	0.1667	83.33
c茅rb	ce藧删什b什	ce藧删藸b藸	2	71.43	0.0000	100.00
c茅adta	藞ce藧d酞藸t酞藸蓹	藞ce藧t酞藸蓹	3	72.73	0.2000	80.00
cn贸 Brasa铆leach	k删藸o藧 藞b藸删藸as藸蓹l什蓹x	kno:	17	10.53	0.8182	18.18
bod gaoithe	b藸蓴d酞藸 藞伞i藧h蓹	藞b藸蓴d酞藸 藞伞i藧h蓹	1	92.86	0.0000	100.00
cuisle谩n	藞k瑟蕛l什蓱藧n藸	藞k瑟蕛l虪什蓱藧n藸	1	90.91	0.0000	100.00
cuir i gc谩s	k瑟删什 蓹藞伞蓱藧s藸	藢k瑟删什 蓹 藞伞蓱藧s藸	2	85.71	0.1250	87.50
cuidhil	藞kij蓹l什	ki蓹l什	2	71.43	0.2000	80.00
cuideacht煤il	藞k瑟d什蓹xt酞藸u藧l什	藞kud什蓹xt酞藸u藧l什	1	92.86	0.1250	87.50
gabh谩la	藞伞蓹u蓱藧l藸蓹	藞伞aw蓱藧l藸蓹	2	77.78	0.3333	66.67
cruimhe	藞k删藸瑟v什蓹	藞k删藸ev什蓹	1	87.50	0.2000	80.00
cro铆the	藞k删藸i藧h蓹	藞k删藸i藧h瑟	1	87.50	0.2000	80.00
alm贸inn	藞al藸蓹m藸o藧n虪什	藞al酞藸m藸o藧n虪什	2	83.33	0.1667	83.33
amhr谩n	藞蓹u删藸蓱藧n藸	藞蓱藧删藸蓱藧n藸	2	77.78	0.4000	60.00
critheann	藞c删什瑟h蓹n酞藸	藞cr什瑟h蓹n酞藸	1	90.00	0.0000	100.00
carraigreacha	藞ka删藸蓹蔁删什蓹x蓹	藞ka删藸瑟蔁删什蓹xi藧	3	76.92	0.2222	77.78
creidmheas	藞c删什蓻d什v什蓹s藸	藞c删什蓻d什藢v什as藸	2	84.62	0.2500	75.00
bhuel	wu瑟l什	w蓻l什	2	60.00	0.5000	50.00
ar a fhad	蓻删什 蓹藞ad酞藸	蓹删什藞ad酞藸	3	70.00	0.4000	60.00
cor贸inv铆reas	藞k蓴删藸o藧n什vi藧删什蓹s藸	藞k蓴删藸u藧n什.v什i藧删什蓹s藸	3	84.21	0.1000	90.00
conamar	藞k蓴n藸蓹m藸蓹删藸	藞k蕣n藸蓹m藸蓹删藸	1	90.91	0.1429	85.71
comharsa	藞ko藧蓹删藸s藸蓹	藞ku藧删藸s藸蓹	2	80.00	0.3333	66.67
labhairt	藞l酞藸au蓹删藸t什	l酞藸au删什t什	3	72.73	0.1667	83.33
Idirl铆on	藞瑟d什蓹藧删什l什i藧n酞藸	藞瑟d什蓹删什藢l虪什i藧n酞藸	3	81.25	0.2500	75.00
tu铆od贸ireacht	藞t酞藸i藧d酞藸o藧删什蓹xt酞藸	藞t酞藸i藧d酞藸o藧删什	5	72.22	0.3750	62.50
coisc	k蓴蕛c	k蕦蕛c	1	75.00	0.2500	75.00
codlatach	藞k蓴d酞藸l藸蓹t酞藸蓹x	藞k蓴l酞藸蓹t酞藸蓹x	3	78.57	0.1250	87.50
t-ainm	t酞藸藢an什蓹m什	藞t酞藸an什蓹m什	2	80.00	0.1667	83.33
ciumhais	藞c蓹u蕛	cu藧蕛	3	40.00	0.2500	75.00
cisteanach	藞ci蕛t什蓹n藸蓹x	藞ci蕛t什蓹n酞藸蓹x	1	91.67	0.0000	100.00
duabhair	藞d酞藸u蓹w蓹删什	藞d酞藸u蓹v藸蓹删什	2	81.82	0.1667	83.33
cirte	藞c瑟删藸t什蓹	藞c扫虨删藸t什蓹	2	77.78	0.3333	66.67
leic	l虪什蓻c	l虪蓻c	1	80.00	0.0000	100.00
grian-	蔁删什i蓹n藸	蔁删什i蓹n什	1	85.71	0.0000	100.00
pian贸	藞p什i蓹n藸o藧	p什i藞an藸o藧	3	66.67	0.2000	80.00
in 茅ind铆	瑟n什 藞e藧n虪什d什i藧	蓹 藞n虪什e藧n虪什d什i藧	6	60.00	0.1667	83.33
bh铆te谩	藞v什i藧t什蓱藧	藞v什i藧t什a藧	1	88.89	0.2500	75.00
chughamsa	藞xai蓹m藸s藸蓹	藞xu藧m藸s藸蓹	3	70.00	0.4286	57.14
chiumhais	藞莽蓹u蕛	莽u藧蕛	3	40.00	0.2500	75.00
chine谩l	藞莽瑟n什蓱藧l藸	藞莽瑟n藸蓱藧l藸	1	88.89	0.0000	100.00
chapaill	藞xap藸蓹l虪什	藞xap藸蓹l酞什	1	88.89	0.0000	100.00
bodhr谩n	藞b藸u藧删藸蓱藧n酞藸	藞b藸蓹u删藸蓱藧n酞藸	2	83.33	0.1667	83.33
tsn谩tha	藞t酞藸n酞藸蓱藧h蓹	t酞藸n酞藸蓱藧	3	72.73	0.4000	60.00
ghaisc铆gh	藞桑a蕛c瑟	藞桑a蕛ci藧	2	71.43	0.0000	100.00
ceolmhar	藞co藧l藸蓹w蓹删藸	藞co藧l酞藸w蓹删藸	2	81.82	0.1429	85.71
cath煤	藞kahu藧	藞ka藧u藧	1	83.33	0.2500	75.00
carraig	藞ka删藸瑟c	藞ka藧删藸瑟蔁	2	75.00	0.2000	80.00
carria	藞ka删藸i蓹	藞ka删藸i藧	1	85.71	0.2000	80.00
ceithre	藞c蓻h删什蓹	藞莽蓻删什蓹	2	71.43	0.4000	60.00
caisle谩n	藞k瑟蕛l什蓱藧n藸	藞ki蕛l什蓱藧n藸	1	90.00	0.0000	100.00
'un	蕣n藸	蓹n藸	1	66.67	0.5000	50.00
paind茅im	藞p藸an虪什d什e藧m什	p藸an什.d什e藧m什	3	76.92	0.0000	100.00
n-iasc	n虪什藢i蓹s藸k	n蛨什i蓹s藸k	2	77.78	0.1667	83.33
nimhneach	藞n虪什蓹in什蓹x	藞n虪什iv什n什蓹x	3	72.73	0.3333	66.67
Clocha Liatha	藢kl藸蓴x蓹 藞l虪什i蓹h蓹	n酞藸蓹 藢kl藸蓴x蓹 藞l虪什i蓹h蓹	5	76.19	0.1538	84.62
bpingin	藞b什瑟刹蓹n什	b什i藧n虪什	5	37.50	0.4000	60.00
bunaitheoir	藞b藸蕣n藸蓹ho藧删什	藞b藸un藸aho藧删什	2	83.33	0.1429	85.71
n-ail	n酞藸藢al什	n酞藸al什	1	85.71	0.2500	75.00
Eochaidh	藞o藧x蓹	藞蓴xi藧	4	20.00	0.3333	66.67
god 茅	伞蓴d酞藸 藞e藧	伞蓹藞d酞藸e藧	4	55.56	0.2500	75.00
diamant	藞d什i蓹m藸蓹n酞藸t酞藸	藞d什i藨蓹m藸蓹n酞藸t酞藸	1	93.33	0.1250	87.50
bolc谩n	藞b藸蓴l藸k蓱藧n藸	藞b蓴l藸k蓱藧n藸	1	90.91	0.0000	100.00
n-each	n虪什藢ax	n虪什ax	1	83.33	0.2500	75.00
geimhri煤ch谩n	藞蔁蓻v什删什u藧x蓱藧n酞藸	藞蔁i藧v删什u藢x蓱藧n酞藸	4	73.33	0.2222	77.78
beir bua agus beannacht	b什蓻删什 b藸u蓹 a伞蓹s藸 藞b什an酞藸蓹xt酞藸	b什蓻删什 b藸u蓹 蓱伞蓹s藸 藞b什an酞藸蓹xt酞藸	1	96.55	0.0625	93.75
bean s铆	b什an藸 藞蕛i藧	b什an藸 蕛i藧	1	90.00	0.0000	100.00
crosaire	藞k删藸蓴s藸蓹删什蓹	藞k删藸蓴s蓹删什蓹	1	90.91	0.0000	100.00
deag谩nach	藞d什a伞蓱藧n藸蓹x	藞d什a伞蓱藧n酞藸蓹x	1	91.67	0.0000	100.00
bans谩r	藞b藸an酞藸s藸蓱藧删藸	藞b藸an藸藢s藸蓱藧删藸	2	84.62	0.1429	85.71
ar deighilt	蓻删什藞d什蓻j蓹l虪什t什	蓻删什藞d什蓹il什t什	4	71.43	0.3750	62.50
ghleanna	藞jl什an酞藸蓹	藞jl什a藧n酞藸蓹	1	90.00	0.0000	100.00
laethanta na riabha铆	藢l酞藸e藧h蓹n酞藸t酞藸蓹 n酞藸蓹 藞删什i蓹wi藧	藞l酞藸e藧h蓹n酞藸t酞藸蓹 n酞藸蓹 藞删藸i蓹wi藧	2	93.10	0.0667	93.33
carb谩n	藞ka删藸蓹b藸蓱藧n藸	藞kar藸b藸蓱藧n藸	2	83.33	0.1429	85.71
aneas	藞an什蓹s藸	蓹藞n虪什as藸	4	50.00	0.5000	50.00
amhairc	藞蓹u删什c	藞af藸瑟删什c	4	50.00	0.6000	40.00
gearrthacha	藞蔁a删藸h蓹x蓹	藞蔁a藧r藸h蓹x蓹	2	80.00	0.0000	100.00
Tiobraid 脕rann	藢t什瑟b藸删藸蓹d什 藞蓱藧删藸蓹n酞藸	藢t什蕣b藸删藸蓹d什 藞蓱藧删藸蓹n酞藸	1	95.24	0.0909	90.91
liopa	藞l什瑟p藸蓹	l什瑟p藸蓹	1	85.71	0.0000	100.00
